raw,canonical,count_raw,count_canonical
attack_success_rate,attack_success_rate,62,66
false_positive_rate,false_positive_rate,57,62
accuracy,accuracy,43,43
recall,recall,25,25
f1_score,f1_score,22,25
precision,precision,20,20
detection_accuracy,detection_accuracy,16,16
false_negative_rate,false_negative_rate,11,12
throughput_qps,throughput_qps,9,9
detection_rate,detection_rate,9,10
ciphertext_size,ciphertext_size,9,9
dataset_size,dataset_size,8,9
verification_time_ms,verification_time_ms,7,7
inference_latency,inference_latency,6,6
throughput,throughput,6,6
detection_f1,detection_f1,6,6
detection_precision,detection_precision,6,6
detection_recall,detection_recall,5,5
false-positive-rate,false_positive_rate,5,62
public_key_size,public_key_size,5,6
security_level,security_level,5,5
trace_count,trace_count,5,5
verification_latency,verification_latency,4,4
defense_effectiveness,defense_effectiveness,4,4
attack-success-rate,attack_success_rate,4,66
latency_overhead,latency_overhead,4,4
nonlinearity,nonlinearity,4,4
training_time,training_time,4,6
security_order,security_order,4,4
detection_latency,detection_latency,4,4
communication_complexity,communication_complexity,4,4
evasion_rate,evasion_rate,4,4
proof_size,proof_size,4,4
accuracy_improvement,accuracy_improvement,3,3
communication_rounds,communication_rounds,3,3
semantic_similarity,semantic_similarity,3,4
entropy,entropy,3,3
classifier_accuracy,classifier_accuracy,3,3
energy_overhead,energy_overhead,3,3
runtime_overhead,runtime_overhead,3,3
scalability,scalability,3,3
soundness_error,soundness_error,3,3
attack_auc,attack_auc,3,3
attack_accuracy,attack_accuracy,3,3
attack_complexity,attack_complexity,3,4
memory_usage,memory_usage,3,5
verification_latency_ms,verification_latency_ms,3,3
computational_overhead,computational_overhead,3,3
detection_f1_score,detection_f1_score,3,3
security,security,3,3
communication_overhead,communication_overhead,3,3
verification-time,verification_time,3,4
security_assumption,security_assumption,3,3
online_communication_bits,online_communication_bits,3,3
robustness,robustness,2,2
execution_time_overhead,execution_time_overhead,2,2
cpu_utilization,cpu_utilization,2,2
memory_footprint,memory_footprint,2,2
privacy_utility_tradeoff,privacy_utility_tradeoff,2,2
dataset_scale,dataset_scale,2,2
overhead,overhead,2,2
exploit_rate,exploit_rate,2,2
implementation_size,implementation_size,2,2
corpus_size,corpus_size,2,2
benchmark_size,benchmark_size,2,2
attack_success_rate_reduction,attack_success_rate_reduction,2,3
value_accuracy,value_accuracy,2,2
cost_efficiency,cost_efficiency,2,2
papers_reviewed,papers_reviewed,2,2
computational_efficiency,computational_efficiency,2,2
relative_recovery_error,relative_recovery_error,2,2
noise_reduction,noise_reduction,2,2
kl_divergence,kl_divergence,2,3
recall_at_10,recall_at_10,2,2
knowledge_base_size,knowledge_base_size,2,2
macro_f1,macro_f1,2,2
information_leakage,information_leakage,2,2
model_size_efficiency,model_size_efficiency,2,2
code_reduction,code_reduction,2,2
mcc,mcc,2,2
f1-score,f1_score,2,25
inter_rater_reliability,inter_rater_reliability,2,2
token_consumption,token_consumption,2,2
bypass_rate,bypass_rate,2,2
fraud-detection-f1,fraud_detection_f1,2,2
cost_per_run,cost_per_run,2,2
trigger_radiating_effect,trigger_radiating_effect,2,2
auc,auc,2,2
training-time,training_time,2,6
memory-usage,memory_usage,2,5
perplexity,perplexity,2,2
embedding-capacity,embedding_capacity,2,3
proof_completeness,proof_completeness,2,2
jailbreaking_rate,jailbreaking_rate,2,2
throughput_tps,throughput_tps,2,2
proof_generation_time,proof_generation_time,2,2
authentication_accuracy,authentication_accuracy,2,2
cpu_usage,cpu_usage,2,2
latency,latency,2,2
runtime_hours,runtime_hours,2,2
model_size,model_size,2,2
utility_degradation,utility_degradation,2,2
privacy-guarantee,privacy_guarantee,2,3
retrieval_latency,retrieval_latency,2,2
latency_reduction,latency_reduction,2,2
recovery_time,recovery_time,2,2
task_completion_rate,task_completion_rate,2,2
round_complexity,round_complexity,2,2
assumptions,assumptions,2,2
noise_parameter_theta,noise_parameter_theta,2,2
clean_accuracy,clean_accuracy,2,3
area_overhead,area_overhead,2,2
key_size,key_size,2,2
f1_improvement,f1_improvement,2,2
auroc,auroc,2,2
true_positive_rate,true_positive_rate,2,2
detection_auc,detection_auc,2,2
security_guarantee,security_guarantee,2,2
decryption_time_ms,decryption_time_ms,2,2
rounds_attacked,rounds_attacked,2,2
memory_requirement,memory_requirement,2,2
secret_key_size,secret_key_size,2,2
post_quantum_security,post_quantum_security,2,2
security_equivalence,security_equivalence,2,2
code_size,code_size,2,2
integral_resistance_rounds,integral_resistance_rounds,2,2
parallel-online-time,parallel_online_time,2,2
online_round_complexity,online_round_complexity,2,2
online_bit_complexity,online_bit_complexity,2,2
execution_time_ms,execution_time_ms,2,2
signing-time,signing_time,2,2
key-generation-time,key_generation_time,2,2
asymptotic_regret_vanishing,asymptotic_regret_vanishing,1,1
ULA_vs_ILA_regret,ula_vs_ila_regret,1,1
sampling_cost_threshold,sampling_cost_threshold,1,1
modeling_vs_sampling_value,modeling_vs_sampling_value,1,1
prediction_error_robustness,prediction_error_robustness,1,1
tgt_validity_days,tgt_validity_days,1,1
ott_validity_hours,ott_validity_hours,1,1
quota_limit_tokens_per_day,quota_limit_tokens_per_day,1,1
victim_awareness_level,victim_awareness_level,1,1
attack_privilege_required,attack_privilege_required,1,1
tgt_exploit_window_days,tgt_exploit_window_days,1,1
implicit-check-response-time,implicit_check_response_time,1,1
implicit-check-communication,implicit_check_communication,1,1
explicit-check-with-RGC,explicit_check_with_rgc,1,1
RGC-communication-reduction,rgc_communication_reduction,1,1
server-saturation-throughput,server_saturation_throughput,1,1
hash-function-comparison,hash_function_comparison,1,1
f1_score_improvement,f1_score_improvement,1,1
synthesis_efficiency_improvement,synthesis_efficiency_improvement,1,1
scalability_improvement,scalability_improvement,1,1
privacy_guarantee,privacy_guarantee,1,3
convergence_speed,convergence_speed,1,1
query_variants,query_variants,1,1
conversational_rounds,conversational_rounds,1,1
vertical_unlock_strength,vertical_unlock_strength,1,1
general_unlock_strength,general_unlock_strength,1,1
gray_zone_position,gray_zone_position,1,1
inference_speedup,inference_speedup,1,1
communication_volume,communication_volume,1,1
routing_quality_auc,routing_quality_auc,1,1
routing_quality_peak,routing_quality_peak,1,1
encoder_inference_time,encoder_inference_time,1,1
retrieval_time,retrieval_time,1,1
query_normalized_cost,query_normalized_cost,1,1
ASIC_advantage_bound,asic_advantage_bound,1,1
GPU_speed_ratio,gpu_speed_ratio,1,1
hash_cost_fraction,hash_cost_fraction,1,1
TMTO_resistance,tmto_resistance,1,1
space_time_product,space_time_product,1,1
proof_size_mb,proof_size_mb,1,1
IVC_constraints_per_step,ivc_constraints_per_step,1,1
post_auth_ber,post_auth_ber,1,1
uniformity,uniformity,1,1
security_margin_smecc,security_margin_smecc,1,1
false_acceptance_rate,false_acceptance_rate,1,1
false_rejection_rate,false_rejection_rate,1,1
parity_storage_overhead,parity_storage_overhead,1,1
code_rate,code_rate,1,1
unconditional_dual_attack_score,unconditional_dual_attack_score,1,1
p4d_adversarial_score,p4d_adversarial_score,1,1
fid_score,fid_score,1,1
clip_score,clip_score,1,1
morpho_contextual_preservation,morpho_contextual_preservation,1,1
rf_to_dc_conversion_efficiency,rf_to_dc_conversion_efficiency,1,1
dc_power_output,dc_power_output,1,1
backscatter_dynamic_range,backscatter_dynamic_range,1,1
identification_duration,identification_duration,1,1
impedance_matching_s11,impedance_matching_s11,1,1
modulation_bandwidth,modulation_bandwidth,1,1
optimal_keystroke_window,optimal_keystroke_window,1,1
cross_family_generalization,cross_family_generalization,1,1
accuracy_category1,accuracy_category1,1,1
accuracy_category2,accuracy_category2,1,1
open_source_gap,open_source_gap,1,1
failure_rate_advanced,failure_rate_advanced,1,1
retrieval_augmentation_gain,retrieval_augmentation_gain,1,1
unconditional_scope_k,unconditional_scope_k,1,1
signing_peak_stack_kb,signing_peak_stack_kb,1,1
keygen_peak_stack_kb,keygen_peak_stack_kb,1,1
verification_peak_stack_kb,verification_peak_stack_kb,1,1
verification_speedup_vs_ml_dsa,verification_speedup_vs_ml_dsa,1,1
signing_performance_overhead,signing_performance_overhead,1,1
memory_fit_target_kb,memory_fit_target_kb,1,1
signature_size_bytes,signature_size_bytes,1,1
public_key_size_bytes,public_key_size_bytes,1,1
constant_time,constant_time,1,1
utility_retention,utility_retention,1,1
text_coherence,text_coherence,1,1
privacy_leakage,privacy_leakage,1,1
privacy_epsilon,privacy_epsilon,1,2
task_accuracy,task_accuracy,1,1
mccu_generation_success_rate,mccu_generation_success_rate,1,1
mccu_defense_rate,mccu_defense_rate,1,1
concept_retention,concept_retention,1,1
mccu_vit_recall,mccu_vit_recall,1,1
cross_category_mdr_variance,cross_category_mdr_variance,1,1
arbitrage-volume-estimation-accuracy,arbitrage_volume_estimation_accuracy,1,1
arbitrage-frequency-estimation,arbitrage_frequency_estimation,1,1
model-fit-ratio,model_fit_ratio,1,1
price-jump-amplitude,price_jump_amplitude,1,1
convergence-rate,convergence_rate,1,2
profit-estimation,profit_estimation,1,1
functionality_preservation,functionality_preservation,1,1
robustness_improvement,robustness_improvement,1,1
watermark_coverage,watermark_coverage,1,1
indistinguishability,indistinguishability,1,1
model_data_requirement,model_data_requirement,1,1
forecast_horizon_tested,forecast_horizon_tested,1,1
ci_width_issue,ci_width_issue,1,1
negative_forecast_rate,negative_forecast_rate,1,1
vulnerability_train_time,vulnerability_train_time,1,1
poisson_suitability,poisson_suitability,1,1
channel_estimation_error_nmse,channel_estimation_error_nmse,1,1
aoa_estimation_rmse,aoa_estimation_rmse,1,1
communication_rate,communication_rate,1,1
algorithm_convergence_iterations,algorithm_convergence_iterations,1,1
computational_complexity,computational_complexity,1,1
ris_size_impact,ris_size_impact,1,1
connect_latency,connect_latency,1,1
hook_overhead,hook_overhead,1,1
pivot_block_rate,pivot_block_rate,1,1
policy_scaling,policy_scaling,1,1
revocation_latency,revocation_latency,1,1
max_teleportation_distance_km,max_teleportation_distance_km,1,1
quantum_coherence_time_ms,quantum_coherence_time_ms,1,1
pqc_processing_latency_us,pqc_processing_latency_us,1,1
attack_success_probability,attack_success_probability,1,1
teleportation_fidelity,teleportation_fidelity,1,1
holevo_quantity,holevo_quantity,1,1
omission_count,omission_count,1,1
affected_app_rate,affected_app_rate,1,1
F1-score,f1_score,1,25
AUPRC,auprc,1,1
training-data-efficiency,training_data_efficiency,1,1
toxicchat-generalization,toxicchat_generalization,1,1
coverage_rate,coverage_rate,1,1
research_distribution,research_distribution,1,1
governance_coverage,governance_coverage,1,1
infrastructure_cost_reduction,infrastructure_cost_reduction,1,1
verifier_cpu_normalized,verifier_cpu_normalized,1,1
peak_memory_gb,peak_memory_gb,1,1
dht_hit_rate_small_payload,dht_hit_rate_small_payload,1,1
dht_hit_rate_large_payload,dht_hit_rate_large_payload,1,1
per_fat_capacity,per_fat_capacity,1,1
harmful_content_detection_accuracy,harmful_content_detection_accuracy,1,1
gradient_inversion_psnr_db,gradient_inversion_psnr_db,1,1
communication_reduction_pct,communication_reduction_pct,1,1
label_recovery_rate,label_recovery_rate,1,1
hallucination_reduction_pct,hallucination_reduction_pct,1,1
backdoor_attack_success_rate,backdoor_attack_success_rate,1,1
adversarial_accuracy_degradation,adversarial_accuracy_degradation,1,1
convergence_rounds_to_98pct,convergence_rounds_to_98pct,1,1
gradient_cosine_alignment,gradient_cosine_alignment,1,1
truthfulqa_mc1_accuracy,truthfulqa_mc1_accuracy,1,1
jailbreak_success_rate,jailbreak_success_rate,1,1
models_affected,models_affected,1,1
refusal_rate_baseline,refusal_rate_baseline,1,1
vulnerability_axis,vulnerability_axis,1,1
pattern-frequency-cipher,pattern_frequency_cipher,1,1
pattern-deviation-score,pattern_deviation_score,1,1
insecure_code_rate_reduction,insecure_code_rate_reduction,1,1
secure_generation_rate,secure_generation_rate,1,1
cross_model_effectiveness,cross_model_effectiveness,1,1
probe_routing_accuracy,probe_routing_accuracy,1,1
hierarchical_convergence_depth,hierarchical_convergence_depth,1,1
per_vulnerability_specificity,per_vulnerability_specificity,1,1
knowledge_presence,knowledge_presence,1,1
functional_correctness_penalty,functional_correctness_penalty,1,1
fault_injection_success_rate,fault_injection_success_rate,1,1
temporal_vulnerability_window,temporal_vulnerability_window,1,1
glitch_width_range,glitch_width_range,1,1
exploit_type_distribution,exploit_type_distribution,1,1
clock_ratio_alignmen,clock_ratio_alignmen,1,1
roc_auc,roc_auc,1,1
utility_drop,utility_drop,1,1
retraining_time,retraining_time,1,1
worst_fold_f1,worst_fold_f1,1,1
http_key_leakage_rate,http_key_leakage_rate,1,1
ssh_key_leakage_rate,ssh_key_leakage_rate,1,1
unauthorized_credential_use_rate,unauthorized_credential_use_rate,1,1
benign_completion_rate,benign_completion_rate,1,1
http_median_overhead_ms,http_median_overhead_ms,1,1
ssh_median_overhead_ms,ssh_median_overhead_ms,1,1
detection_lead,detection_lead,1,1
detection_quality,detection_quality,1,1
transition_model_size,transition_model_size,1,1
transaction_failure_rate,transaction_failure_rate,1,1
workflow_gas_cost,workflow_gas_cost,1,1
transaction_cost_usd,transaction_cost_usd,1,1
avg_gas_per_transaction,avg_gas_per_transaction,1,1
onchain_storage_kb,onchain_storage_kb,1,1
contract_bytecode_size,contract_bytecode_size,1,1
script_registration_capacity,script_registration_capacity,1,1
gas_scalability,gas_scalability,1,1
verification_rounds_needed,verification_rounds_needed,1,1
instruction_classification_coverage,instruction_classification_coverage,1,1
compiler_agnostic,compiler_agnostic,1,1
microarchitectural_coverage,microarchitectural_coverage,1,1
amortized_inference_latency,amortized_inference_latency,1,1
peak_memory_usage,peak_memory_usage,1,1
runtime_improvement_factor,runtime_improvement_factor,1,1
memory_reduction_factor,memory_reduction_factor,1,1
rotation_keys_per_layer,rotation_keys_per_layer,1,1
test_count,test_count,1,2
module_removal_count,module_removal_count,1,1
file_count,file_count,1,1
classification_preset_count,classification_preset_count,1,1
security_property_coverage,security_property_coverage,1,1
control_framework_coverage,control_framework_coverage,1,1
safety_accuracy_f1,safety_accuracy_f1,1,1
governance_latency_ms,governance_latency_ms,1,1
ablation_delta_f1,ablation_delta_f1,1,1
adversarial_robustness_rate,adversarial_robustness_rate,1,1
cognitive_collapse_rate,cognitive_collapse_rate,1,1
juridical_consistency,juridical_consistency,1,1
inference_latency_seconds,inference_latency_seconds,1,1
reasoning_volume_characters,reasoning_volume_characters,1,1
sycophancy_rate,sycophancy_rate,1,1
elicited_confidence,elicited_confidence,1,1
goal_hit_rate,goal_hit_rate,1,1
asr_memory_mediated,asr_memory_mediated,1,1
cross_encoder_transferability,cross_encoder_transferability,1,1
stealthiness_score,stealthiness_score,1,1
query_latency_overhead,query_latency_overhead,1,1
reasoning_consistency_score,reasoning_consistency_score,1,1
reasoning_divergence_score_threshold,reasoning_divergence_score_threshold,1,1
requirement_coverage,requirement_coverage,1,1
mode_split_count,mode_split_count,1,1
fsc_rate,fsc_rate,1,1
functional_correctness_rate,functional_correctness_rate,1,1
static_analysis_coverage,static_analysis_coverage,1,1
fsc_hard_rate,fsc_hard_rate,1,1
threat_domain_coverage,threat_domain_coverage,1,1
model_coverage,model_coverage,1,1
data_exfiltration_recall,data_exfiltration_recall,1,1
prompt_injection_recall,prompt_injection_recall,1,1
tool_poisoning_recall,tool_poisoning_recall,1,1
semantic_attack_recall,semantic_attack_recall,1,1
specificity,specificity,1,1
attack_type_coverage,attack_type_coverage,1,1
dataset_subjects,dataset_subjects,1,1
privacy_boundary,privacy_boundary,1,1
model_cost_effectiveness,model_cost_effectiveness,1,1
solve_rate,solve_rate,1,1
environment_improvement,environment_improvement,1,1
auto_prompting_effect,auto_prompting_effect,1,1
planner_executor_asymmetry,planner_executor_asymmetry,1,1
per_category_solve_rate,per_category_solve_rate,1,1
adversarial_robustness,adversarial_robustness,1,1
interoperability,interoperability,1,1
theoretical_bound_expected_rre,theoretical_bound_expected_rre,1,1
input_dimension_sensitivity,input_dimension_sensitivity,1,1
masking_scale_invariance,masking_scale_invariance,1,1
communication_reduction,communication_reduction,1,1
composite_score_improvement,composite_score_improvement,1,1
vulnerability_score_gain,vulnerability_score_gain,1,1
compliance_improvement,compliance_improvement,1,1
file_integrity_tradeoff,file_integrity_tradeoff,1,1
cross_platform_consistency,cross_platform_consistency,1,1
tool_divergence,tool_divergence,1,1
information_completeness,information_completeness,1,1
information_credibility,information_credibility,1,1
adoption_influence,adoption_influence,1,1
post_adoption_trust,post_adoption_trust,1,1
information_effectiveness,information_effectiveness,1,1
inter_annotator_agreement,inter_annotator_agreement,1,1
vector_coverage,vector_coverage,1,1
feasibility_rate,feasibility_rate,1,1
encoding_comparison,encoding_comparison,1,1
balanced_encoding_performance,balanced_encoding_performance,1,1
gap_to_bound,gap_to_bound,1,1
throughput_users,throughput_users,1,1
reconstruction_loss,reconstruction_loss,1,1
empirical_psr,empirical_psr,1,1
locality_compute_reduction,locality_compute_reduction,1,1
attack_block_rate,attack_block_rate,1,1
EENS,eens,1,1
control_loop_latency_mean,control_loop_latency_mean,1,1
control_loop_latency_p95,control_loop_latency_p95,1,1
QKD_key_consumption,qkd_key_consumption,1,1
detection_rate_bad_data,detection_rate_bad_data,1,1
impossibility_scope,impossibility_scope,1,1
system_coverage,system_coverage,1,1
decision_domain_cardinality,decision_domain_cardinality,1,1
theorem_count,theorem_count,1,1
detection_delay_steps,detection_delay_steps,1,1
enforcement_triggers,enforcement_triggers,1,1
final_deviation_bD,final_deviation_bd,1,1
anomaly_detector_decay,anomaly_detector_decay,1,1
detection_delay_bound_satisfaction,detection_delay_bound_satisfaction,1,1
long_horizon_stability,long_horizon_stability,1,1
auc_roc,auc_roc,1,2
convergence_quality,convergence_quality,1,1
dataset_citation_discrepancy,dataset_citation_discrepancy,1,1
alert_volume,alert_volume,1,1
anomaly_security_mismatch,anomaly_security_mismatch,1,1
hack_rate,hack_rate,1,1
detection_auc_original,detection_auc_original,1,1
detection_auc_stripped,detection_auc_stripped,1,1
detection_tpr_at_5fpr_original,detection_tpr_at_5fpr_original,1,1
detection_tpr_at_5fpr_stripped,detection_tpr_at_5fpr_stripped,1,1
hack_count,hack_count,1,1
adversarial_trials,adversarial_trials,1,1
exploit_diversity,exploit_diversity,1,1
most_common_exploit,most_common_exploit,1,1
model_detection_variance,model_detection_variance,1,1
vulnerability_prevalence_rate,vulnerability_prevalence_rate,1,1
vulnerable_package_count,vulnerable_package_count,1,1
vulnerability_trend,vulnerability_trend,1,1
vulnerability_severity_distribution,vulnerability_severity_distribution,1,1
fix_duration_median,fix_duration_median,1,1
fix_publication_lead,fix_publication_lead,1,1
cve_concentration,cve_concentration,1,1
propagation_ratio,propagation_ratio,1,1
dependency_depth,dependency_depth,1,1
affected_package_trend,affected_package_trend,1,1
bug_coverage,bug_coverage,1,1
time_to_bug,time_to_bug,1,1
edge_coverage,edge_coverage,1,1
improvement_scaling,improvement_scaling,1,1
validated_weakness_count,validated_weakness_count,1,1
severity_weighted_score,severity_weighted_score,1,1
critical_finding_count,critical_finding_count,1,1
high_finding_count,high_finding_count,1,1
improvement_effect_size,improvement_effect_size,1,1
participant_median_improvement,participant_median_improvement,1,1
authorization_weakness_reduction,authorization_weakness_reduction,1,1
authentication_weakness_reduction,authentication_weakness_reduction,1,1
session_trust_boundary_change,session_trust_boundary_change,1,1
ecosystem_layer_reduction,ecosystem_layer_reduction,1,1
privacy_risk_score,privacy_risk_score,1,1
privacy_tech_adoption_rate,privacy_tech_adoption_rate,1,1
compliance_deficit,compliance_deficit,1,1
fairness_gap,fairness_gap,1,1
f1_degradation_q0.05,f1_degradation_q0_05,1,1
f1_degradation_q0.20,f1_degradation_q0_20,1,1
max_performance_degradation,max_performance_degradation,1,1
legal_certainty,legal_certainty,1,1
applicability_scope,applicability_scope,1,1
regulatory_coverage,regulatory_coverage,1,1
ntt_throughput_speedup,ntt_throughput_speedup,1,1
msm_throughput_speedup,msm_throughput_speedup,1,1
arithmetic_speedup,arithmetic_speedup,1,1
modmul_batch_speedup,modmul_batch_speedup,1,1
msm_dataflow_speedup,msm_dataflow_speedup,1,1
ntt_step_speedup,ntt_step_speedup,1,1
big_t_speedup,big_t_speedup,1,1
token_entropy,token_entropy,1,1
char_entropy,char_entropy,1,1
normalized_token_entropy,normalized_token_entropy,1,1
sec_nonsEC_entropy_ratio,sec_nonsec_entropy_ratio,1,1
secret_memorization_rate,secret_memorization_rate,1,1
query_throughput_qps,query_throughput_qps,1,1
database_generation_time_hours,database_generation_time_hours,1,1
network_traffic_per_query_mib,network_traffic_per_query_mib,1,1
encoding_throughput,encoding_throughput,1,1
codebook_mse,codebook_mse,1,1
cves_discovered,cves_discovered,1,1
zero_day_vulnerabilities,zero_day_vulnerabilities,1,1
critical_severity_rate,critical_severity_rate,1,1
repositories_analyzed,repositories_analyzed,1,1
training_dataset_size,training_dataset_size,1,1
cost_reduction,cost_reduction,1,1
report_quality_score,report_quality_score,1,1
structural_integrity_score,structural_integrity_score,1,1
factual_grounding_score,factual_grounding_score,1,1
code_reasoning_quality_score,code_reasoning_quality_score,1,1
remediation_quality_score,remediation_quality_score,1,1
overall_score,overall_score,1,1
cwe_coverage,cwe_coverage,1,1
rule_fidelity,rule_fidelity,1,1
number_of_rules,number_of_rules,1,1
llm_faithfulness,llm_faithfulness,1,1
false_positive_filtering_rate,false_positive_filtering_rate,1,1
alarm_severity_discrimination,alarm_severity_discrimination,1,1
process_alignment_similarity,process_alignment_similarity,1,1
final_compromise_probability,final_compromise_probability,1,1
attack_detection_latency,attack_detection_latency,1,1
properties_achieved,properties_achieved,1,1
audit_detection_probability,audit_detection_probability,1,1
receipt_freeness_strength,receipt_freeness_strength,1,1
communication_voter,communication_voter,1,1
communication_tallier,communication_tallier,1,1
threshold_robustness,threshold_robustness,1,1
cast_as_intended,cast_as_intended,1,1
public_tally_hiding,public_tally_hiding,1,1
detection-rate,detection_rate,1,10
detection-margin,detection_margin,1,1
overhead-latency,overhead_latency,1,1
payload-size,payload_size,1,1
threshold-stability,threshold_stability,1,1
end_to_end_latency,end_to_end_latency,1,1
overhead_vs_vm,overhead_vs_vm,1,1
tcb_size,tcb_size,1,1
isolation_level,isolation_level,1,1
stabilizer_trivial_probability,stabilizer_trivial_probability,1,1
minrank_hardness,minrank_hardness,1,1
code_dimension_reduction,code_dimension_reduction,1,1
security-definition-strength,security_definition_strength,1,1
type-system-soundness,type_system_soundness,1,1
compositionality,compositionality,1,1
language-expressiveness,language_expressiveness,1,1
semantic-updates,semantic_updates,1,1
language-features-count,language_features_count,1,1
empirical_privacy_mu,empirical_privacy_mu,1,1
theoretical_privacy_mu,theoretical_privacy_mu,1,1
theory_practice_gap,theory_practice_gap,1,1
attack_advantage,attack_advantage,1,1
prior_audit_null_rate,prior_audit_null_rate,1,1
detection_f_score,detection_f_score,1,1
zero_day_discoveries,zero_day_discoveries,1,1
instruction_coverage_dapps,instruction_coverage_dapps,1,1
instruction_coverage_contracts,instruction_coverage_contracts,1,1
detection_speed,detection_speed,1,1
harmful_compliance_score,harmful_compliance_score,1,1
capability_preservation,capability_preservation,1,1
self_audit_retention,self_audit_retention,1,1
reflection_suppression,reflection_suppression,1,1
repairability,repairability,1,1
representation_similarity,representation_similarity,1,1
policy_coverage,policy_coverage,1,1
logging_disclosure_rate,logging_disclosure_rate,1,1
policy_vagueness_rate,policy_vagueness_rate,1,1
privacy_leakage_prevalence,privacy_leakage_prevalence,1,1
policy_log_alignment,policy_log_alignment,1,1
leakage_instances,leakage_instances,1,1
unstated_leakage_rate,unstated_leakage_rate,1,1
average_tracker_connections_per_site,average_tracker_connections_per_site,1,1
eu_tracking_reduction,eu_tracking_reduction,1,1
cookie_banner_impact_on_tracking,cookie_banner_impact_on_tracking,1,1
site_coverage_success_rate,site_coverage_success_rate,1,1
cookie_banner_ubiquity,cookie_banner_ubiquity,1,1
sites_without_trackers,sites_without_trackers,1,1
enforcement_fine_total,enforcement_fine_total,1,1
advertising_vs_analytics_volume,advertising_vs_analytics_volume,1,1
legal_remediation_effectiveness,legal_remediation_effectiveness,1,1
model_weight_recoverability,model_weight_recoverability,1,1
contract_defenses_blocking,contract_defenses_blocking,1,1
disgorgement_scope,disgorgement_scope,1,1
transformative_use_rejection,transformative_use_rejection,1,1
unsafe_interception_rate,unsafe_interception_rate,1,1
unsafe_interception_gain,unsafe_interception_gain,1,1
context_reuse_ratio,context_reuse_ratio,1,1
trajectory_block_rate,trajectory_block_rate,1,1
answer_leakage_rate,answer_leakage_rate,1,1
attack_effectiveness_by_technique,attack_effectiveness_by_technique,1,1
tutor_robustness_by_model,tutor_robustness_by_model,1,1
turns_until_disclosure,turns_until_disclosure,1,1
student_leakage_reduction,student_leakage_reduction,1,1
cross_domain_generalization,cross_domain_generalization,1,1
model_scale_robustness,model_scale_robustness,1,1
soft-failure-attack-success-rate,soft_failure_attack_success_rate,1,1
hard-failure-rate,hard_failure_rate,1,1
perplexity-detection-evasion,perplexity_detection_evasion,1,1
cross-model-transfer,cross_model_transfer,1,2
query-paraphrasing-resistance,query_paraphrasing_resistance,1,1
retrieval-rank,retrieval_rank,1,1
extraction_cost_b,extraction_cost_b,1,1
extraction_probability,extraction_probability,1,1
distinguishability_correlation,distinguishability_correlation,1,1
member_nonmember_ratio,member_nonmember_ratio,1,1
defense_reduction,defense_reduction,1,1
dp_training_effectiveness,dp_training_effectiveness,1,1
query-complexity,query_complexity,1,1
extraction-fidelity,extraction_fidelity,1,1
side-channel-bandwidth,side_channel_bandwidth,1,1
vulnerable-libraries-count,vulnerable_libraries_count,1,1
tee-platforms,tee_platforms,1,1
proof_length,proof_length,1,1
proof_coverage,proof_coverage,1,1
trusted_base_size,trusted_base_size,1,1
proof_build_tasks,proof_build_tasks,1,1
soldering_free_count,soldering_free_count,1,1
verification_time,verification_time,1,4
rng_bias_ratio,rng_bias_ratio,1,1
validated_detection_rate,validated_detection_rate,1,1
detect_any_rate,detect_any_rate,1,1
whitebox_validated_detection,whitebox_validated_detection,1,1
blackbox_validated_detection,blackbox_validated_detection,1,1
web_validated_detection,web_validated_detection,1,1
binary_validated_detection,binary_validated_detection,1,1
cost_per_validated_finding,cost_per_validated_finding,1,1
median_time_to_first_validated,median_time_to_first_validated,1,1
topology_spread,topology_spread,1,1
cross_model_transfer,cross_model_transfer,1,2
sparsity_robustness_tradeoff,sparsity_robustness_tradeoff,1,1
layer_depth_robustness_tradeoff,layer_depth_robustness_tradeoff,1,1
gradient_correlation,gradient_correlation,1,1
spectral_gap,spectral_gap,1,1
feature_overlap,feature_overlap,1,1
effective_rank,effective_rank,1,1
safety_rate,safety_rate,1,1
generation_efficiency,generation_efficiency,1,1
data_efficiency,data_efficiency,1,1
signing_time_reduction,signing_time_reduction,1,1
verification_time_reduction,verification_time_reduction,1,1
aggregate_signing_time,aggregate_signing_time,1,1
blockchain_computation_cost,blockchain_computation_cost,1,1
computation_cost_vs_transactions,computation_cost_vs_transactions,1,1
uf_cma_security,uf_cma_security,1,1
action_success_rate,action_success_rate,1,1
observation_to_action_gap,observation_to_action_gap,1,1
defense_interception_rate,defense_interception_rate,1,1
defense_overhead,defense_overhead,1,1
dom_defense_blindspot,dom_defense_blindspot,1,1
backdoor_detection_der,backdoor_detection_der,1,1
knn_auroc_backdoor,knn_auroc_backdoor,1,1
knn_auroc_ood,knn_auroc_ood,1,1
knn_auroc_adversarial,knn_auroc_adversarial,1,1
llm_backdoor_auroc,llm_backdoor_auroc,1,1
online_vs_offline_gap,online_vs_offline_gap,1,1
computation_samples,computation_samples,1,1
pair_correct_rate,pair_correct_rate,1,1
gherkin_impact,gherkin_impact,1,1
false_positive_authenticity,false_positive_authenticity,1,1
model_agnosticism,model_agnosticism,1,1
workflow_success_rate,workflow_success_rate,1,1
cross_agent_quote_dispersion,cross_agent_quote_dispersion,1,1
repricing_events_per_100_steps,repricing_events_per_100_steps,1,1
price_consistency_score,price_consistency_score,1,1
economy_survival_rate,economy_survival_rate,1,1
workflow_failure_rate_depth_8,workflow_failure_rate_depth_8,1,1
oracle_staleness_threshold,oracle_staleness_threshold,1,1
vendor_bias_tolerance,vendor_bias_tolerance,1,1
redemption_queue_absorption,redemption_queue_absorption,1,1
signal_to_noise_ratio_improvement,signal_to_noise_ratio_improvement,1,1
mcc_gain_unseen_distribution,mcc_gain_unseen_distribution,1,1
mcc_gain_classic_dataset,mcc_gain_classic_dataset,1,1
balanced_accuracy,balanced_accuracy,1,1
cross_language_coverage,cross_language_coverage,1,1
training_time_reduction,training_time_reduction,1,1
signal_submersion_magnitude,signal_submersion_magnitude,1,1
false_positive_kill_rate,false_positive_kill_rate,1,1
cve_discovery_rate,cve_discovery_rate,1,1
stage_a_kill_rate,stage_a_kill_rate,1,1
cross_model_critic_effectiveness,cross_model_critic_effectiveness,1,1
cost_per_cve,cost_per_cve,1,1
cross_family_error_detection,cross_family_error_detection,1,1
latency_reduction_percent,latency_reduction_percent,1,1
recovery_latency_ms,recovery_latency_ms,1,1
circuit_size,circuit_size,1,1
latent_backdoor_probability,latent_backdoor_probability,1,1
trigger_separability,trigger_separability,1,1
low_rank_drift_magnitude,low_rank_drift_magnitude,1,1
spectral_energy_distribution,spectral_energy_distribution,1,1
mitigation_efficacy,mitigation_efficacy,1,1
injection_recovery,injection_recovery,1,1
drift_direction_alignment,drift_direction_alignment,1,1
authentication_false_rejection_rate,authentication_false_rejection_rate,1,1
tamper_false_alarm_rate,tamper_false_alarm_rate,1,1
reprompt_detection_rate,reprompt_detection_rate,1,1
local_tamper_detection_rate,local_tamper_detection_rate,1,1
localization_iou,localization_iou,1,1
localization_f1,localization_f1,1,1
psnr,psnr,1,1
lpips,lpips,1,1
provenance_auc,provenance_auc,1,1
text_overlay_detection,text_overlay_detection,1,1
privacy-epsilon,privacy_epsilon,1,2
privacy-delta,privacy_delta,1,1
training-time-hours,training_time_hours,1,1
lora-rank,lora_rank,1,1
num-clients,num_clients,1,1
auc-roc,auc_roc,1,2
security_model,security_model,1,1
noisy_matching_threshold,noisy_matching_threshold,1,1
identifier_tokenization,identifier_tokenization,1,1
cryptographic_primitives,cryptographic_primitives,1,1
false_positive_control,false_positive_control,1,1
checkpoint_completion_rate,checkpoint_completion_rate,1,1
automatic_labeling_kappa,automatic_labeling_kappa,1,1
challenge_solve_rate,challenge_solve_rate,1,1
long_horizon_planning,long_horizon_planning,1,1
evaluation_cost,evaluation_cost,1,1
fidelity_to_plaintext,fidelity_to_plaintext,1,1
computation_time_ms,computation_time_ms,1,1
communication_mb,communication_mb,1,1
runtime_wan2_s,runtime_wan2_s,1,1
server_encryption_time_ms,server_encryption_time_ms,1,1
in_circuit_decryption_ms,in_circuit_decryption_ms,1,1
efficiency_vs_he,efficiency_vs_he,1,1
baseline_improvement,baseline_improvement,1,1
ordering_impact,ordering_impact,1,1
abstract_framing_necessity,abstract_framing_necessity,1,1
semantic_naming_effect,semantic_naming_effect,1,1
inference_speed,inference_speed,1,1
openapi_generation,openapi_generation,1,1
supervision_requirement,supervision_requirement,1,1
hit@1,hit_1,1,1
hit@10,hit_10,1,1
inspection-reduction,inspection_reduction,1,1
version-transfer-roc-auc,version_transfer_roc_auc,1,1
patch-state-accuracy,patch_state_accuracy,1,1
patch-state-f1,patch_state_f1,1,1
decision_complexity,decision_complexity,1,1
construction_complexity,construction_complexity,1,1
transductive-vs-inductive-gap,transductive_vs_inductive_gap,1,1
edge-shuffle-impact,edge_shuffle_impact,1,1
graph-embedding-contribution,graph_embedding_contribution,1,1
fraud-rate-shift,fraud_rate_shift,1,1
calibration-ineffectiveness,calibration_ineffectiveness,1,1
runtime-behavior-match-rate,runtime_behavior_match_rate,1,1
chain-validation-rate,chain_validation_rate,1,1
transformation-stability,transformation_stability,1,1
detector-accuracy,detector_accuracy,1,1
detector-f1-score,detector_f1_score,1,1
dataset-size,dataset_size,1,9
coverage_score,coverage_score,1,1
recall_by_tactic,recall_by_tactic,1,1
flags_found_percentage,flags_found_percentage,1,1
attribution_gap,attribution_gap,1,1
query_budget_utilization,query_budget_utilization,1,1
mitre_coverage,mitre_coverage,1,1
log_database_size,log_database_size,1,1
metadata_size,metadata_size,1,1
disassembly_correctness,disassembly_correctness,1,1
performance_impact,performance_impact,1,1
compilation_time_overhead,compilation_time_overhead,1,1
test_suite_coverage,test_suite_coverage,1,1
utility_task_completion_rate,utility_task_completion_rate,1,1
token_cost,token_cost,1,1
user_permission_requests,user_permission_requests,1,1
privacy_guarantee_type,privacy_guarantee_type,1,1
technical_vs_socio_security_gap,technical_vs_socio_security_gap,1,1
latency_lt_operator_ms,latency_lt_operator_ms,1,1
database_workload_speedup,database_workload_speedup,1,1
memory_footprint_gb,memory_footprint_gb,1,1
evaluation_key_size_gb,evaluation_key_size_gb,1,1
lt_runtime_breakdown,lt_runtime_breakdown,1,1
scalability_bit_width,scalability_bit_width,1,1
reconstruction_dice,reconstruction_dice,1,1
training_rounds,training_rounds,1,1
experiment_duration,experiment_duration,1,1
reconstruction_fidelity,reconstruction_fidelity,1,1
privacy_leakage_severity,privacy_leakage_severity,1,1
segmentation_iou,segmentation_iou,1,1
segmentation_mse,segmentation_mse,1,1
segmentation_ssim,segmentation_ssim,1,1
gia_reconstruction_psnr,gia_reconstruction_psnr,1,1
gia_reconstruction_ssim,gia_reconstruction_ssim,1,1
visual_stealthiness,visual_stealthiness,1,1
attention_stealthiness,attention_stealthiness,1,1
attack_robustness,attack_robustness,1,1
avg_delay_s,avg_delay_s,1,1
security_score,security_score,1,1
compliance_pct,compliance_pct,1,1
block_throughput,block_throughput,1,1
convergence_rate,convergence_rate,1,2
processing_latency_ms,processing_latency_ms,1,1
hypothesis_confidence_scoring,hypothesis_confidence_scoring,1,1
action_scoring_composite,action_scoring_composite,1,1
false_positive_reduction,false_positive_reduction,1,1
triage_efficiency,triage_efficiency,1,1
threat_coverage,threat_coverage,1,1
vulnerability_confirmation_rate,vulnerability_confirmation_rate,1,1
vulnerabilities_discovered_count,vulnerabilities_discovered_count,1,1
dataset_coverage,dataset_coverage,1,1
token_context_90th_percentile,token_context_90th_percentile,1,1
detection_accuracy_category,detection_accuracy_category,1,1
detection_accuracy_pattern,detection_accuracy_pattern,1,1
patch_similarity_repair,patch_similarity_repair,1,1
detection_accuracy_improvement,detection_accuracy_improvement,1,1
detection_accuracy_degradation,detection_accuracy_degradation,1,1
repair_effectiveness_manual,repair_effectiveness_manual,1,1
strong_secrecy_leakage,strong_secrecy_leakage,1,1
realism_tv_distance,realism_tv_distance,1,1
common_randomness_rate_reduction,common_randomness_rate_reduction,1,1
cardinality_bound,cardinality_bound,1,1
false-negative-rate,false_negative_rate,1,12
prediction-latency,prediction_latency,1,1
semantic-similarity,semantic_similarity,1,4
kl-divergence,kl_divergence,1,3
steganalysis-accuracy,steganalysis_accuracy,1,1
extraction-success-rate,extraction_success_rate,1,1
osn-recovery-success,osn_recovery_success,1,1
human-fluency-score,human_fluency_score,1,1
clip-score-delta,clip_score_delta,1,1
temperature-sensitivity,temperature_sensitivity,1,1
detection_coverage,detection_coverage,1,1
architecture_support,architecture_support,1,1
integration_depth,integration_depth,1,1
analysis_granularity,analysis_granularity,1,1
memory_dump_compatibility,memory_dump_compatibility,1,1
parameter_efficiency,parameter_efficiency,1,1
scaling_trend,scaling_trend,1,1
question_difficulty_correlation,question_difficulty_correlation,1,1
pro_benchmark_reduction,pro_benchmark_reduction,1,1
latency_ms,latency_ms,1,1
bandwidth_reduction,bandwidth_reduction,1,1
access_count_reduction,access_count_reduction,1,1
ANN_bandwidth_reduction,ann_bandwidth_reduction,1,1
access_count_overhead,access_count_overhead,1,1
robustness_radius,robustness_radius,1,1
runtime_latency,runtime_latency,1,1
effective_bandwidth,effective_bandwidth,1,1
performance_improvement,performance_improvement,1,1
counter_update_latency,counter_update_latency,1,1
nbo_improvement,nbo_improvement,1,1
false_alert_reduction,false_alert_reduction,1,1
accuracy_improvement_vs_sota,accuracy_improvement_vs_sota,1,1
accuracy_rotated_cifar10,accuracy_rotated_cifar10,1,1
accuracy_rotated_fmnist,accuracy_rotated_fmnist,1,1
accuracy_femnist,accuracy_femnist,1,1
privacy_budget_epsilon,privacy_budget_epsilon,1,1
clustering_accuracy,clustering_accuracy,1,1
papers-analyzed,papers_analyzed,1,1
attack-methods-identified,attack_methods_identified,1,1
single-sensor-vs-msf-bias,single_sensor_vs_msf_bias,1,1
input-level-attack-dominance,input_level_attack_dominance,1,1
fusion-defense-reliance,fusion_defense_reliance,1,1
real-world-testing-gap,real_world_testing_gap,1,1
phantom-detection-confidence,phantom_detection_confidence,1,1
gradient-masking-detection-accuracy,gradient_masking_detection_accuracy,1,1
RDI-vs-AutoAttack-rank-correlation,rdi_vs_autoattack_rank_correlation,1,1
worst-case-avg-gap,worst_case_avg_gap,1,1
screening-speedup,screening_speedup,1,1
attack-module-count,attack_module_count,1,1
defence-module-count,defence_module_count,1,1
test-count,test_count,1,2
corpus-sources,corpus_sources,1,1
LLM-agent-CTF-vs-real-gap,llm_agent_ctf_vs_real_gap,1,1
attack-success-rate-reduction,attack_success_rate_reduction,1,3
disclosure_time,disclosure_time,1,1
remediation_time,remediation_time,1,1
critical_cve_proportion,critical_cve_proportion,1,1
remediation_gap,remediation_gap,1,1
sector_variance,sector_variance,1,1
case_impact,case_impact,1,1
model_memory,model_memory,1,1
coefficient_of_variation,coefficient_of_variation,1,1
modulus_universality,modulus_universality,1,1
pipeline_depth,pipeline_depth,1,1
linearity_scope,linearity_scope,1,1
artifact_reproducibility,artifact_reproducibility,1,1
vulnerabilities_found,vulnerabilities_found,1,1
critical_vulns,critical_vulns,1,1
harness_performance_spread,harness_performance_spread,1,1
code_scale,code_scale,1,1
attack-complexity,attack_complexity,1,4
attacker-resource-requirements,attacker_resource_requirements,1,1
phishing-resistance-effectiveness,phishing_resistance_effectiveness,1,1
security-comparison-to-passwords,security_comparison_to_passwords,1,1
evaluation_accuracy,evaluation_accuracy,1,1
matthews_correlation_coefficient,matthews_correlation_coefficient,1,1
attack_success_rate_no_alm,attack_success_rate_no_alm,1,1
limitations-analyzed,limitations_analyzed,1,1
assets-identified,assets_identified,1,1
standards-reviewed,standards_reviewed,1,1
risk-classification-range,risk_classification_range,1,1
TARA-risk-levels,tara_risk_levels,1,1
mitigations-proposed,mitigations_proposed,1,1
worst-case-perturbed-risk-bound,worst_case_perturbed_risk_bound,1,1
calibration-error-bound,calibration_error_bound,1,1
selective-risk-guarantee,selective_risk_guarantee,1,1
sensitivity-entropy-gap,sensitivity_entropy_gap,1,1
omission_compliance_rate,omission_compliance_rate,1,1
commission_compliance_rate,commission_compliance_rate,1,1
statistical_significance,statistical_significance,1,1
schema_semantic_contribution,schema_semantic_contribution,1,1
safe_turn_depth,safe_turn_depth,1,1
token_volume_coefficient,token_volume_coefficient,1,1
affected_submission_rate,affected_submission_rate,1,1
dangling_file_count,dangling_file_count,1,1
metadata_disclosure_rate,metadata_disclosure_rate,1,1
comment_disclosure_rate,comment_disclosure_rate,1,1
secret_detection_rate,secret_detection_rate,1,1
security_paper_issue_rate,security_paper_issue_rate,1,1
alc_ng_mitigation_effectiveness,alc_ng_mitigation_effectiveness,1,1
unsafe_generation_rate,unsafe_generation_rate,1,1
attack_success_rate_tvd,attack_success_rate_tvd,1,1
per_model_unsafe_rate,per_model_unsafe_rate,1,1
ablation_component_importance,ablation_component_importance,1,1
cross_attack_generalization,cross_attack_generalization,1,1
contextual_recall,contextual_recall,1,1
recall_degradation,recall_degradation,1,1
model_sensitivity,model_sensitivity,1,1
cohen_kappa,cohen_kappa,1,1
validation_accuracy_cv,validation_accuracy_cv,1,1
auc_pr,auc_pr,1,1
num_top_features,num_top_features,1,1
model_robustness,model_robustness,1,1
response_categories,response_categories,1,1
privacy_bound,privacy_bound,1,1
mse,mse,1,1
models_tested,models_tested,1,1
universality,universality,1,1
password_guessing_accuracy,password_guessing_accuracy,1,1
malicious_login_detection_rate,malicious_login_detection_rate,1,1
detector_false_positive_rate,detector_false_positive_rate,1,1
typing_overhead_distance,typing_overhead_distance,1,1
entry_time,entry_time,1,1
detector_storage_cost,detector_storage_cost,1,1
detector_latency,detector_latency,1,1
system_usability_score,system_usability_score,1,1
structural_similarity_lts,structural_similarity_lts,1,1
high_rrs_detection_rate,high_rrs_detection_rate,1,1
multi_tool_agreement,multi_tool_agreement,1,1
high_risk_quadrant_ratio,high_risk_quadrant_ratio,1,1
ast_size_limit,ast_size_limit,1,1
proof_size_ratio,proof_size_ratio,1,1
field_operation_latency,field_operation_latency,1,1
msm_speedup,msm_speedup,1,1
hardware_speedup,hardware_speedup,1,1
hash_computation_time,hash_computation_time,1,1
merkle_proof_size,merkle_proof_size,1,1
commitment_size,commitment_size,1,1
gateways_tested,gateways_tested,1,1
model_substitution_rate,model_substitution_rate,1,1
billing_deviation_rate,billing_deviation_rate,1,1
conversation_consistency,conversation_consistency,1,1
latency_stability,latency_stability,1,1
ecosystem_coverage,ecosystem_coverage,1,1
detection_system_comparison,detection_system_comparison,1,1
dataset_reproducibility,dataset_reproducibility,1,1
attack_recall,attack_recall,1,1
false_positive_rate_pristine,false_positive_rate_pristine,1,1
false_positive_rate_hard,false_positive_rate_hard,1,1
csda_recall,csda_recall,1,1
csdm_score,csdm_score,1,1
context_window_utilization,context_window_utilization,1,1
token_pressure,token_pressure,1,1
f1_macro,f1_macro,1,1
precision_macro,precision_macro,1,1
auc_macro,auc_macro,1,1
training_epochs,training_epochs,1,1
f1_macro_baseline,f1_macro_baseline,1,1
f1_macro_schedule_free,f1_macro_schedule_free,1,1
unique_query_diversity,unique_query_diversity,1,1
bandit_exploration_tradeoff,bandit_exploration_tradeoff,1,1
model_transfer_robustness,model_transfer_robustness,1,1
reliability,reliability,1,1
uniqueness,uniqueness,1,1
modeling_attack_resistance,modeling_attack_resistance,1,1
deployment_scalability,deployment_scalability,1,1
ai_model_integrity_support,ai_model_integrity_support,1,1
field_size_bits,field_size_bits,1,1
subgroup_order_bits,subgroup_order_bits,1,1
embedding_degree_lower_bound,embedding_degree_lower_bound,1,1
twist_prime_factor_bits,twist_prime_factor_bits,1,1
cm_sanity_bound,cm_sanity_bound,1,1
generation_search_index,generation_search_index,1,1
cost_per_sample,cost_per_sample,1,1
verification_speedup,verification_speedup,1,1
cwe_match_rate,cwe_match_rate,1,1
latency_sample,latency_sample,1,1
violation_rate,violation_rate,1,1
leakage_rate,leakage_rate,1,1
conveyance_rate,conveyance_rate,1,1
violation_vs_context_quantity,violation_vs_context_quantity,1,1
violation_vs_context_length,violation_vs_context_length,1,1
model_size_impact,model_size_impact,1,1
reasoning_effort_impact,reasoning_effort_impact,1,1
user_pressure_impact,user_pressure_impact,1,1
defense_prompt_effectiveness,defense_prompt_effectiveness,1,1
drift_ks_statistic,drift_ks_statistic,1,1
drift_psi,drift_psi,1,1
drift_jsd,drift_jsd,1,1
perturbation_budget_sensitivity,perturbation_budget_sensitivity,1,1
information-utilization-rate,information_utilization_rate,1,1
decoding-success-rate,decoding_success_rate,1,1
steganalysis-imperceptibility,steganalysis_imperceptibility,1,1
time-per-token,time_per_token,1,1
training_time_overhead,training_time_overhead,1,1
accuracy_vs_unlearning,accuracy_vs_unlearning,1,1
privacy_leakage_rate,privacy_leakage_rate,1,1
entity_classification_f1,entity_classification_f1,1,1
relation_classification_f1,relation_classification_f1,1,1
epsilon_privacy_budget,epsilon_privacy_budget,1,1
direct_pii_leakage,direct_pii_leakage,1,1
annotation_cost_hours,annotation_cost_hours,1,1
defender_gain,defender_gain,1,1
breach_probability,breach_probability,1,1
worst_case_regret,worst_case_regret,1,1
breach_regret,breach_regret,1,1
dp_speedup,dp_speedup,1,1
static_analyzer_f1,static_analyzer_f1,1,1
static_analyzer_recall_p3_p4,static_analyzer_recall_p3_p4,1,1
risk_score_reduction,risk_score_reduction,1,1
mitigation_cost_loc,mitigation_cost_loc,1,1
mitigation_cost_effectiveness,mitigation_cost_effectiveness,1,1
trace_narrative_divergence_rate,trace_narrative_divergence_rate,1,1
static_analysis_runtime,static_analysis_runtime,1,1
logging_coverage_improvement,logging_coverage_improvement,1,1
validation_coverage_improvement,validation_coverage_improvement,1,1
loss_of_significance_rate,loss_of_significance_rate,1,1
test_c_index,test_c_index,1,1
significance_recovery_epsilon,significance_recovery_epsilon,1,1
predictive_utility_epsilon,predictive_utility_epsilon,1,1
hr_relative_bias,hr_relative_bias,1,1
local_vs_central_dp_gap,local_vs_central_dp_gap,1,1
risk-management-content-prevalence,risk_management_content_prevalence,1,1
probabilistic-reasoning-terms,probabilistic_reasoning_terms,1,1
training-exposure-direct-effect,training_exposure_direct_effect,1,1
training-exposure-total-effect,training_exposure_total_effect,1,1
risk-reasoning-differentiation,risk_reasoning_differentiation,1,1
verification_scenarios_count,verification_scenarios_count,1,1
algorithm_complexity_class,algorithm_complexity_class,1,1
component_count_analyzed,component_count_analyzed,1,1
security_properties_analyzed,security_properties_analyzed,1,1
false_alarm_rate,false_alarm_rate,1,1
feature_extraction_latency,feature_extraction_latency,1,1
throughput_speedup,throughput_speedup,1,1
inter_arrival_time_variance,inter_arrival_time_variance,1,1
llm_resource_demand,llm_resource_demand,1,1
false_alarm_risk,false_alarm_risk,1,1
adoption-rate,adoption_rate,1,1
cognitive-load-reduction,cognitive_load_reduction,1,1
investigative-time,investigative_time,1,1
tool-call-accuracy,tool_call_accuracy,1,1
trust-calibration,trust_calibration,1,1
detection_success_rate,detection_success_rate,1,1
bait_detection_rate,bait_detection_rate,1,1
asr_improvement_auxiliary_loss,asr_improvement_auxiliary_loss,1,1
response_quality_meteor,response_quality_meteor,1,1
attack_effectiveness_classical,attack_effectiveness_classical,1,1
attack_effectiveness_learning,attack_effectiveness_learning,1,1
attack_power_ratio,attack_power_ratio,1,1
conceal_attack_psnr,conceal_attack_psnr,1,1
conceal_constrained_psnr,conceal_constrained_psnr,1,1
swap_attack_psnr,swap_attack_psnr,1,1
exact-match-leakage-rate,exact_match_leakage_rate,1,1
rouge-l-overlap,rouge_l_overlap,1,1
cosine-similarity,cosine_similarity,1,1
llm-leakage-ratio,llm_leakage_ratio,1,1
defense-em-reduction,defense_em_reduction,1,1
false_downtime_detection_rate,false_downtime_detection_rate,1,1
inference_cost_per_url,inference_cost_per_url,1,1
evidence_bundle_quality,evidence_bundle_quality,1,1
report_audit_readiness,report_audit_readiness,1,1
detection_confidence,detection_confidence,1,1
attack_distance_range,attack_distance_range,1,1
safe_response_rate,safe_response_rate,1,1
cost_per_model,cost_per_model,1,1
vulnerability_category_count,vulnerability_category_count,1,1
ttc_vs_pair_efficacy,ttc_vs_pair_efficacy,1,1
alignment_robustness,alignment_robustness,1,1
detection_rate_per_commit,detection_rate_per_commit,1,1
detection_rate_cumulative,detection_rate_cumulative,1,1
commit_span_days,commit_span_days,1,1
contributing_commits_mean,contributing_commits_mean,1,1
saast_tool_coverage,saast_tool_coverage,1,1
decision_accuracy,decision_accuracy,1,1
explanation_accuracy,explanation_accuracy,1,1
participant_count,participant_count,1,1
case_variation,case_variation,1,1
case_volume,case_volume,1,1
justification_quality,justification_quality,1,1
pr_auc,pr_auc,1,1
ml_inference_latency,ml_inference_latency,1,1
shap_explanation_latency,shap_explanation_latency,1,1
api_roundtrip_latency,api_roundtrip_latency,1,1
blockchain_confirmation_time,blockchain_confirmation_time,1,1
endtoend_throughput,endtoend_throughput,1,1
blocking_rate,blocking_rate,1,1
policy_layer_blocking,policy_layer_blocking,1,1
consistency_check_effectiveness,consistency_check_effectiveness,1,1
replay_verification_rate,replay_verification_rate,1,1
identity_isolation,identity_isolation,1,1
data_item_extraction_rate,data_item_extraction_rate,1,1
data_purpose_extraction_rate,data_purpose_extraction_rate,1,1
purpose_overstatement_probability_first_party,purpose_overstatement_probability_first_party,1,1
purpose_overstatement_probability_third_party,purpose_overstatement_probability_third_party,1,1
purpose_well_disclosure_rate,purpose_well_disclosure_rate,1,1
purpose_disclosure_improvement,purpose_disclosure_improvement,1,1
classifier_f1_data_practice,classifier_f1_data_practice,1,1
classifier_f1_data_intention,classifier_f1_data_intention,1,1
top_10_exact_match_rate,top_10_exact_match_rate,1,1
mrr_improvement,mrr_improvement,1,1
invalid_mapping_coverage,invalid_mapping_coverage,1,1
remap_branch_proximity,remap_branch_proximity,1,1
exploited_cve_prediction,exploited_cve_prediction,1,1
exact_match_combined,exact_match_combined,1,1
cwe_coverage_gap,cwe_coverage_gap,1,1
injection_rate,injection_rate,1,1
signal_attenuation,signal_attenuation,1,1
task_utility_preservation,task_utility_preservation,1,1
poisoning-rate,poisoning_rate,1,1
compilability,compilability,1,1
code-quality-degradation,code_quality_degradation,1,1
functional-correctness,functional_correctness,1,2
defense-robustness,defense_robustness,1,1
detection_rate_by_layer,detection_rate_by_layer,1,1
monitoring_cost_by_layer,monitoring_cost_by_layer,1,1
budget_constraint_feasibility,budget_constraint_feasibility,1,1
objective_value,objective_value,1,1
network_scale,network_scale,1,1
attack_scenario_identification_rate,attack_scenario_identification_rate,1,1
threat_identification_efficiency,threat_identification_efficiency,1,1
custom_scenario_count,custom_scenario_count,1,1
privacy_threat_identification,privacy_threat_identification,1,1
hardware_model_attack_scenarios,hardware_model_attack_scenarios,1,1
industry_expert_acceptance,industry_expert_acceptance,1,1
action-executability-rate,action_executability_rate,1,1
time-to-compromise,time_to_compromise,1,1
dos-prevention-effectiveness,dos_prevention_effectiveness,1,1
zero-day-success-rate,zero_day_success_rate,1,1
exfiltration-autonomy,exfiltration_autonomy,1,1
distinguishability_of_atoms,distinguishability_of_atoms,1,1
correlation_coefficient,correlation_coefficient,1,1
leakage_source_data_bit,leakage_source_data_bit,1,1
leakage_source_address_bit,leakage_source_address_bit,1,1
countermeasure_effectiveness,countermeasure_effectiveness,1,1
detection_tpr,detection_tpr,1,1
watermark_strength,watermark_strength,1,1
generation_quality,generation_quality,1,1
decoding_speed,decoding_speed,1,1
detection_fpr,detection_fpr,1,1
privacy_parameter_t,privacy_parameter_t,1,1
integrity_parameter_v,integrity_parameter_v,1,1
integrity_error,integrity_error,1,1
selective_failure_resistance,selective_failure_resistance,1,1
verification_accuracy,verification_accuracy,1,1
robustness_score,robustness_score,1,1
intra_watermark_similarity,intra_watermark_similarity,1,1
attack_complexity_queries,attack_complexity_queries,1,1
convergence_iterations,convergence_iterations,1,1
classification_accuracy,classification_accuracy,1,1
adversarial_training_limitation,adversarial_training_limitation,1,1
epsilon_nash_attainment,epsilon_nash_attainment,1,1
wallet-creation-throughput,wallet_creation_throughput,1,1
internal-transfer-throughput,internal_transfer_throughput,1,1
balance-query-throughput,balance_query_throughput,1,1
end-to-end-workflow-throughput,end_to_end_workflow_throughput,1,1
provenance-integrity,provenance_integrity,1,1
latency-comparison,latency_comparison,1,1
drift_accuracy_correlation,drift_accuracy_correlation,1,1
feature_reduction,feature_reduction,1,1
confidence_shift,confidence_shift,1,1
malware_detection_rate_test,malware_detection_rate_test,1,1
modification_types_count,modification_types_count,1,1
data_sources_count,data_sources_count,1,1
temporal_projection_capability,temporal_projection_capability,1,1
contextual_sensitivity,contextual_sensitivity,1,1
boundary_condition_treatment,boundary_condition_treatment,1,1
ethical_alignment,ethical_alignment,1,1
cost_usd,cost_usd,1,1
program_space_advantage,program_space_advantage,1,1
judge_f1_score,judge_f1_score,1,1
cross_family_transfer,cross_family_transfer,1,1
end_to_end_latency_ms,end_to_end_latency_ms,1,1
violation_rate_range,violation_rate_range,1,1
stt_ablated_f1,stt_ablated_f1,1,1
benchmark_scenarios,benchmark_scenarios,1,1
communication_chain_length,communication_chain_length,1,1
attack_recovery_rate,attack_recovery_rate,1,1
attention_hijacking_strength,attention_hijacking_strength,1,1
description_vs_direct_shift,description_vs_direct_shift,1,1
invalid_execution_rate,invalid_execution_rate,1,1
safe_halt_rate,safe_halt_rate,1,1
authority_narrowing_rate,authority_narrowing_rate,1,1
conservative_overhead_rate,conservative_overhead_rate,1,1
theorem_coverage,theorem_coverage,1,1
attack_approximation_factor,attack_approximation_factor,1,1
balanced_discrepancy,balanced_discrepancy,1,1
module_reduction_factor,module_reduction_factor,1,1
balance_constant_C,balance_constant_c,1,1
size_reduction_error,size_reduction_error,1,1
covering_radius,covering_radius,1,1
security_gap_mlkem768,security_gap_mlkem768,1,1
milp_solve_time,milp_solve_time,1,1
security-flexibility,security_flexibility,1,1
compute-efficiency,compute_efficiency,1,1
side-channel-resistance,side_channel_resistance,1,2
post-deployment-updatability,post_deployment_updatability,1,1
silicon-area-cost,silicon_area_cost,1,1
forgery_detection_rate,forgery_detection_rate,1,1
watermark_capacity,watermark_capacity,1,1
signature_length,signature_length,1,1
encoding_compression_ratio,encoding_compression_ratio,1,1
bit_error_rate,bit_error_rate,1,1
temporal_discrepancy_rate,temporal_discrepancy_rate,1,1
optimal_deployment_rate,optimal_deployment_rate,1,1
security_discount,security_discount,1,1
deployment_rate,deployment_rate,1,1
breach_loss_magnitude,breach_loss_magnitude,1,1
out_of_domain_generalization,out_of_domain_generalization,1,1
evaluator_dependence,evaluator_dependence,1,1
base_model_scale,base_model_scale,1,1
rubric_generation_model,rubric_generation_model,1,1
syntax_correctness,syntax_correctness,1,1
functional_correctness,functional_correctness,1,2
context_gathering_rounds,context_gathering_rounds,1,1
verification_rounds,verification_rounds,1,1
chunk_types,chunk_types,1,1
agentic_tool_types,agentic_tool_types,1,1
pipeline_latency_ms,pipeline_latency_ms,1,1
ar_acl_latency_ms,ar_acl_latency_ms,1,1
llm_unlearn_latency_s,llm_unlearn_latency_s,1,1
agent_guardrail_latency_s,agent_guardrail_latency_s,1,1
subjective_experience_reduction,subjective_experience_reduction,1,1
module_contribution,module_contribution,1,1
path_finding_time,path_finding_time,1,1
paths_processed,paths_processed,1,1
logic_type_flexibility,logic_type_flexibility,1,1
compute_scalability,compute_scalability,1,1
scenario_complexity,scenario_complexity,1,1
path_exploration_rate,path_exploration_rate,1,1
attribution_f1_score,attribution_f1_score,1,1
obfuscation_resilience,obfuscation_resilience,1,1
explanation_faithfulness,explanation_faithfulness,1,1
bandwidth_overhead_ratio,bandwidth_overhead_ratio,1,1
preemption_latency_ms,preemption_latency_ms,1,1
keystream_latency_ns,keystream_latency_ns,1,1
stall_probability_pct,stall_probability_pct,1,1
silicon_area_mm2,silicon_area_mm2,1,1
power_consumption_mw,power_consumption_mw,1,1
energy_saving_mj,energy_saving_mj,1,1
risk_assessment_steps,risk_assessment_steps,1,1
risk_score_range,risk_score_range,1,1
asset_criticality_scale,asset_criticality_scale,1,1
portfolio_risk_health_threshold,portfolio_risk_health_threshold,1,1
rpo_rto_hours,rpo_rto_hours,1,1
corrective_action_deadline_days,corrective_action_deadline_days,1,1
backup_retention_max_years,backup_retention_max_years,1,1
iso_control_count,iso_control_count,1,1
delta_psnr,delta_psnr,1,1
defense_asr_reduction,defense_asr_reduction,1,1
defense_psnr_impact,defense_psnr_impact,1,1
processing_latency,processing_latency,1,1
downstream_task_impact,downstream_task_impact,1,1
student_accuracy_degradation,student_accuracy_degradation,1,1
teacher_performance_preservation,teacher_performance_preservation,1,1
tokens_poisoned_per_trace,tokens_poisoned_per_trace,1,1
trace_coherence,trace_coherence,1,1
detectability_bound,detectability_bound,1,1
rmse,rmse,1,1
decryption_error,decryption_error,1,1
inference_time,inference_time,1,1
inconsistency_prevalence,inconsistency_prevalence,1,1
llm_analysis_accuracy,llm_analysis_accuracy,1,1
battery_impact,battery_impact,1,1
user_behavior_change,user_behavior_change,1,1
server_response_latency,server_response_latency,1,1
inconsistency_case_distribution,inconsistency_case_distribution,1,1
nhi_ratio,nhi_ratio,1,1
agent_principal_pct,agent_principal_pct,1,1
standards_coverage,standards_coverage,1,1
regulatory_alignment,regulatory_alignment,1,1
authentication_completeness,authentication_completeness,1,1
delegation_depth,delegation_depth,1,1
regulatory_timeline,regulatory_timeline,1,1
code_size_overhead,code_size_overhead,1,1
equivalence_class_size,equivalence_class_size,1,1
protected_targets,protected_targets,1,1
paper_cell_assignments,paper_cell_assignments,1,1
under_studied_zone_ratio,under_studied_zone_ratio,1,1
layers_defined,layers_defined,1,1
temporal_classes,temporal_classes,1,1
research_gaps_identified,research_gaps_identified,1,1
defense_taxonomy_entries,defense_taxonomy_entries,1,1
benchmark_survey_count,benchmark_survey_count,1,1
propagation_detection_f1,propagation_detection_f1,1,1
propagation_detection_precision,propagation_detection_precision,1,1
propagation_detection_recall,propagation_detection_recall,1,1
implicit_control_detection_recall,implicit_control_detection_recall,1,1
semantic_explicit_detection_recall,semantic_explicit_detection_recall,1,1
auditing_latency,auditing_latency,1,1
scheming_incident_rate,scheming_incident_rate,1,1
cybench_score,cybench_score,1,1
requirements_satisfaction_rate,requirements_satisfaction_rate,1,1
air_framework_success_rate,air_framework_success_rate,1,1
capability_proliferation_time,capability_proliferation_time,1,1
collision_probability,collision_probability,1,1
fraud_detection_recall,fraud_detection_recall,1,1
model_utility_under_failure,model_utility_under_failure,1,1
crash_count,crash_count,1,1
ios_version_coverage,ios_version_coverage,1,1
fuzzing_speed,fuzzing_speed,1,1
static_analysis_accuracy,static_analysis_accuracy,1,1
protocol_complexity,protocol_complexity,1,2
patches_required,patches_required,1,1
benign_accuracy,benign_accuracy,1,1
planning_refusal_rate,planning_refusal_rate,1,1
execution_refusal_rate,execution_refusal_rate,1,1
security_performance_ratio,security_performance_ratio,1,1
model_alignment_interaction,model_alignment_interaction,1,1
epr_pair_count,epr_pair_count,1,1
branching_program_width,branching_program_width,1,1
branching_program_length,branching_program_length,1,1
epr_pairs_128bit,epr_pairs_128bit,1,1
epr_pairs_256bit,epr_pairs_256bit,1,1
client_type,client_type,1,1
collusion_rate,collusion_rate,1,1
normalized_accuracy,normalized_accuracy,1,1
smart_contract_cost,smart_contract_cost,1,1
ring_signature_latency,ring_signature_latency,1,1
deanonymization_probability,deanonymization_probability,1,1
puzzle_generation_time_ms,puzzle_generation_time_ms,1,1
quantum_computation_time_s,quantum_computation_time_s,1,1
exposed_records_count,exposed_records_count,1,1
government_sector_exposure_rate,government_sector_exposure_rate,1,1
population_affected_percentage,population_affected_percentage,1,1
cybercrime_incident_rate,cybercrime_incident_rate,1,1
financial_damage_thb,financial_damage_thb,1,1
cross_source_correlation_rate,cross_source_correlation_rate,1,1
cyberattack_growth_rate,cyberattack_growth_rate,1,1
literature_review_count,literature_review_count,1,1
notable_incident_count,notable_incident_count,1,1
cybersecurity_policy_adoption,cybersecurity_policy_adoption,1,1
risk_categories_count,risk_categories_count,1,1
authorization_safety_invariant,authorization_safety_invariant,1,1
query_safety_invariant,query_safety_invariant,1,1
revocation_safety_invariant,revocation_safety_invariant,1,1
specification_completeness,specification_completeness,1,1
function_totality,function_totality,1,1
query_purity,query_purity,1,1
recall_gain_over_symbolic,recall_gain_over_symbolic,1,1
explanation_groundedness,explanation_groundedness,1,1
roi,roi,1,1
phi_exposure_reduction,phi_exposure_reduction,1,1
phase1_evasion_recovery,phase1_evasion_recovery,1,1
watermark_verification_rate,watermark_verification_rate,1,1
post_extraction_verification,post_extraction_verification,1,1
z_score_verification,z_score_verification,1,1
data_injection_ratio,data_injection_ratio,1,1
watermark_detectability,watermark_detectability,1,1
diagnostic_time_increase,diagnostic_time_increase,1,1
dtc_manipulation,dtc_manipulation,1,1
emission_test_falsification,emission_test_falsification,1,1
variant_coding_disruption,variant_coding_disruption,1,1
diagnostic_session_termination,diagnostic_session_termination,1,1
implicit_detection_rate,implicit_detection_rate,1,1
osg_roc_auc,osg_roc_auc,1,1
ablation_hard_auth_asr,ablation_hard_auth_asr,1,1
adversarial_residual_rate,adversarial_residual_rate,1,1
lineage_integrity_detection,lineage_integrity_detection,1,1
policy_invariant_enforcement,policy_invariant_enforcement,1,1
monotonicity_epsilon,monotonicity_epsilon,1,1
monotonicity_alpha,monotonicity_alpha,1,1
detection_latency_ms,detection_latency_ms,1,1
query_efficiency,query_efficiency,1,1
expected_number_of_queries,expected_number_of_queries,1,1
detection_bypass_rate,detection_bypass_rate,1,1
mia-attacker-advantage,mia_attacker_advantage,1,1
auroc-mia,auroc_mia,1,1
perplexity-general-text,perplexity_general_text,1,1
normalized-utility-score,normalized_utility_score,1,1
training-loss,training_loss,1,1
loss-gap-mia,loss_gap_mia,1,1
optimized_accuracy,optimized_accuracy,1,1
leak_rate,leak_rate,1,1
rounds_to_critical_leak,rounds_to_critical_leak,1,1
worst_case_severity,worst_case_severity,1,1
cross_model_leak_time,cross_model_leak_time,1,1
defense_durability,defense_durability,1,1
micro-f1-score,micro_f1_score,1,1
hit-rate-at-1,hit_rate_at_1,1,1
mrr-retrieval,mrr_retrieval,1,1
mrr-control-retrieval,mrr_control_retrieval,1,1
hits-at-10,hits_at_10,1,1
macro-f1-score,macro_f1_score,1,1
weighted-f1,weighted_f1,1,1
recall-at-5,recall_at_5,1,1
tldt_score_improvement,tldt_score_improvement,1,1
vs_uniform_scheduling,vs_uniform_scheduling,1,1
memory_persistence_gain,memory_persistence_gain,1,1
calibration_failure_rate,calibration_failure_rate,1,1
scenario_coverage,scenario_coverage,1,1
explanation_quality,explanation_quality,1,1
context_handling,context_handling,1,1
user_expert_rating_correlation,user_expert_rating_correlation,1,1
participation_count,participation_count,1,1
risk_preference_distribution,risk_preference_distribution,1,1
calibration_magnitude_risk_averse,calibration_magnitude_risk_averse,1,1
calibration_magnitude_risk_seeking,calibration_magnitude_risk_seeking,1,1
aggregate_rating_positive_count,aggregate_rating_positive_count,1,1
attention_check_failure_rate,attention_check_failure_rate,1,1
stability_score_improvement,stability_score_improvement,1,1
baseline_stability_score,baseline_stability_score,1,1
generalized_stability_score,generalized_stability_score,1,1
entropy_stability_correlation,entropy_stability_correlation,1,1
gain_entropy_correlation,gain_entropy_correlation,1,1
para_jailbreaking_rate,para_jailbreaking_rate,1,1
vision_modality_increase,vision_modality_increase,1,1
cross-attacker_robustness,cross_attacker_robustness,1,1
false_alarm_probability,false_alarm_probability,1,1
detection_coverage_pct,detection_coverage_pct,1,1
total_misuses_detected,total_misuses_detected,1,1
cross_tool_agreement_pct,cross_tool_agreement_pct,1,1
execution_time_median_s,execution_time_median_s,1,1
tool_reliability_pct,tool_reliability_pct,1,1
utility_preservation,utility_preservation,1,1
encryption_loops_per_sample,encryption_loops_per_sample,1,1
detection_resilience,detection_resilience,1,1
runtime_overhead_seconds,runtime_overhead_seconds,1,1
snapshot_fidelity,snapshot_fidelity,1,1
prefill_latency_overhead,prefill_latency_overhead,1,1
inference_stability,inference_stability,1,1
detection_time_ratio,detection_time_ratio,1,1
information_leakage_bits_per_session,information_leakage_bits_per_session,1,1
audit_time_seconds,audit_time_seconds,1,1
query_budget_per_audit,query_budget_per_audit,1,1
mcp_calls_per_question,mcp_calls_per_question,1,1
correctness_rate,correctness_rate,1,1
llm_overhead_percentage,llm_overhead_percentage,1,1
container_size_mb,container_size_mb,1,1
research_questions_covered,research_questions_covered,1,1
research_gap_comprehensiveness,research_gap_comprehensiveness,1,1
temporal_coverage,temporal_coverage,1,1
topic_diversity,topic_diversity,1,1
academic_industry_divergence,academic_industry_divergence,1,1
interrupt-handler-overhead,interrupt_handler_overhead,1,1
cross-world-latency,cross_world_latency,1,1
timekeeping-accuracy,timekeeping_accuracy,1,1
max-drift-hotpatch,max_drift_hotpatch,1,1
max-drift-attestation,max_drift_attestation,1,1
drift-rate-cfi,drift_rate_cfi,1,1
tcb-footprint,tcb_footprint,1,1
control-tracking-error,control_tracking_error,1,1
position-tracking-error,position_tracking_error,1,1
mitigation_refresh_reduction,mitigation_refresh_reduction,1,1
mitigation_commands_reduction,mitigation_commands_reduction,1,1
vrr_energy_reduction,vrr_energy_reduction,1,1
total_dram_energy_reduction,total_dram_energy_reduction,1,1
llc_latency_improvement,llc_latency_improvement,1,1
tracking_threshold,tracking_threshold,1,1
acceptance_rate,acceptance_rate,1,1
negotiation_latency_ms,negotiation_latency_ms,1,1
explanation_generation_latency_ms,explanation_generation_latency_ms,1,1
sandbox_execution_overhead,sandbox_execution_overhead,1,1
privacy_budget_initial,privacy_budget_initial,1,1
acceptance_transition_epsilon0,acceptance_transition_epsilon0,1,1
counter_offer_rate,counter_offer_rate,1,1
remaining_budget_mean,remaining_budget_mean,1,1
dp_epsilon_range,dp_epsilon_range,1,1
robustness_accuracy_tradeoff,robustness_accuracy_tradeoff,1,1
catastrophic_overfitting_mitigation,catastrophic_overfitting_mitigation,1,1
pgd10_robustness,pgd10_robustness,1,1
training_efficiency,training_efficiency,1,1
cost_per_project,cost_per_project,1,1
detection_time,detection_time,1,1
wild_detection,wild_detection,1,1
adversarial-robustness-pgd10,adversarial_robustness_pgd10,1,1
clean-accuracy,clean_accuracy,1,3
catastrophic-overfitting-occurrence,catastrophic_overfitting_occurrence,1,1
adversarial-accuracy-aa,adversarial_accuracy_aa,1,1
unlearnable-task-transferability,unlearnable_task_transferability,1,1
number_of_servers,number_of_servers,1,1
privacy_level,privacy_level,1,1
output_group,output_group,1,1
core_network_required,core_network_required,1,1
devices_tested,devices_tested,1,1
segmentation_support,segmentation_support,1,1
model_accuracy_non_iid,model_accuracy_non_iid,1,1
privacy_leakage_risk,privacy_leakage_risk,1,1
reconstruction_defense_utility_tradeoff,reconstruction_defense_utility_tradeoff,1,1
adversarial_detection_rate,adversarial_detection_rate,1,1
unflagged_attack_success_rate,unflagged_attack_success_rate,1,1
execution_efficiency,execution_efficiency,1,1
topological_scalability,topological_scalability,1,1
operational_cost_reduction,operational_cost_reduction,1,1
jailbreak_detection_rate,jailbreak_detection_rate,1,1
prompt_injection_detection_rate,prompt_injection_detection_rate,1,1
inference_overhead,inference_overhead,1,1
calibration_examples_required,calibration_examples_required,1,1
attack_effectiveness_improvement,attack_effectiveness_improvement,1,1
benign_accuracy_impact,benign_accuracy_impact,1,1
attack_goals,attack_goals,1,1
re-identification_accuracy,re_identification_accuracy,1,1
attribution_confidence,attribution_confidence,1,1
fingerprint_separability_gap,fingerprint_separability_gap,1,1
cross_actor_similarity,cross_actor_similarity,1,1
evasion_robustness,evasion_robustness,1,1
learning_curve,learning_curve,1,1
protection_stages,protection_stages,1,1
coordination_mechanisms,coordination_mechanisms,1,1
design_principles,design_principles,1,1
layer_heterogeneity,layer_heterogeneity,1,1
attack_path_coverage,attack_path_coverage,1,1
implementation_completeness,implementation_completeness,1,1
min-entropy-leakage-bits,min_entropy_leakage_bits,1,1
max-preimage-multiplicity,max_preimage_multiplicity,1,1
verified-theorem-count,verified_theorem_count,1,1
proof-scope,proof_scope,1,1
ml-kem-min-entropy-bits,ml_kem_min_entropy_bits,1,1
ml-dsa-min-entropy-bits,ml_dsa_min_entropy_bits,1,1
key_recovery_traces,key_recovery_traces,1,1
portability_generalization,portability_generalization,1,1
cross_institution_validity,cross_institution_validity,1,1
disruption_success_rate,disruption_success_rate,1,1
variety_escalation_factor,variety_escalation_factor,1,1
multi_turn_amplification,multi_turn_amplification,1,1
defense_tradeoff,defense_tradeoff,1,1
data_sources_analyzed,data_sources_analyzed,1,1
risk_taxonomy_depth,risk_taxonomy_depth,1,1
affected_group_diversity,affected_group_diversity,1,1
regulatory_framework_gaps,regulatory_framework_gaps,1,1
risk_interaction_pathways,risk_interaction_pathways,1,1
recall_rate,recall_rate,1,1
true_negative_rate,true_negative_rate,1,1
attack_categories,attack_categories,1,1
time_to_first_byte,time_to_first_byte,1,1
certificate_chain_size_increase,certificate_chain_size_increase,1,1
session_resumption_rate_cdn,session_resumption_rate_cdn,1,1
tls_1.3_adoption_rate,tls_1_3_adoption_rate,1,1
flight_limit_threshold,flight_limit_threshold,1,1
mtc_chain_size_benefit,mtc_chain_size_benefit,1,1
cdn_optimization_benefit,cdn_optimization_benefit,1,1
ttfb_savings_cdn,ttfb_savings_cdn,1,1
specification_version_support,specification_version_support,1,1
validator_consistency,validator_consistency,1,1
certificate_revocation_enforcement,certificate_revocation_enforcement,1,1
timestamp_binding_integrity,timestamp_binding_integrity,1,1
file_protection_coverage,file_protection_coverage,1,1
credential_longevity,credential_longevity,1,1
conformance_program_effectiveness,conformance_program_effectiveness,1,1
protocol-complexity,protocol_complexity,1,2
authorization-binding-strength,authorization_binding_strength,1,1
replay-resistance,replay_resistance,1,1
secret-confidentiality-under-requester-compromise,secret_confidentiality_under_requester_compromise,1,1
storage-confidentiality,storage_confidentiality,1,1
forward-secrecy-granularity,forward_secrecy_granularity,1,1
deployment-complexity,deployment_complexity,1,1
lookup_slowdown_static_poisoning,lookup_slowdown_static_poisoning,1,1
lookup_slowdown_dynamic_aca,lookup_slowdown_dynamic_aca,1,1
attack_effectiveness_dataset_dependence,attack_effectiveness_dataset_dependence,1,1
black_box_vs_white_box_aca,black_box_vs_white_box_aca,1,1
real_key_control_baseline_necessity,real_key_control_baseline_necessity,1,1
dataset_size_scale,dataset_size_scale,1,1
test_network_count,test_network_count,1,1
search_algorithm,search_algorithm,1,1
smart_contract_functions,smart_contract_functions,1,1
implementation_complexity,implementation_complexity,1,1
performance_metrics_reported,performance_metrics_reported,1,1
throughput_overhead,throughput_overhead,1,1
codebase_size,codebase_size,1,1
authentication_time_scaling,authentication_time_scaling,1,1
authentication_latency_ms,authentication_latency_ms,1,1
entropy_bits,entropy_bits,1,1
storage_per_identity_mb,storage_per_identity_mb,1,1
overall_exact_accuracy,overall_exact_accuracy,1,1
risk_malicious_recall,risk_malicious_recall,1,1
attack_consistency,attack_consistency,1,1
external_ecosystem_exact,external_ecosystem_exact,1,1
external_ecosystem_recall,external_ecosystem_recall,1,1
external_ecosystem_consistency,external_ecosystem_consistency,1,1
evaluation_scale,evaluation_scale,1,1
tpr_at_fpr_001,tpr_at_fpr_001,1,1
gpu_memory_peak,gpu_memory_peak,1,1
authentication_latency_s,authentication_latency_s,1,1
did_registration_cost_usd,did_registration_cost_usd,1,1
credential_storage_kb,credential_storage_kb,1,1
context_hash_latency_ms,context_hash_latency_ms,1,1
gas_consumption,gas_consumption,1,1
execution_time_s,execution_time_s,1,1
trace_fitness,trace_fitness,1,1
computation_precision_bits,computation_precision_bits,1,1
marking_size,marking_size,1,1
watermark_robustness_sft,watermark_robustness_sft,1,1
task_accuracy_delta,task_accuracy_delta,1,1
triggered_accuracy,triggered_accuracy,1,1
input_attack_robustness,input_attack_robustness,1,1
inference_cost_per_apk,inference_cost_per_apk,1,1
temporal_stability_f1,temporal_stability_f1,1,1
cross_domain_accuracy,cross_domain_accuracy,1,1
token_efficiency,token_efficiency,1,1
extraction_accuracy,extraction_accuracy,1,1
relative_time_overhead,relative_time_overhead,1,1
embedding_capacity,embedding_capacity,1,3
entropy_utilization,entropy_utilization,1,1
bit_error_ratio,bit_error_ratio,1,1
directional_gap,directional_gap,1,1
worst_case_accuracy,worst_case_accuracy,1,1
worst_case_f1,worst_case_f1,1,1
accuracy_coefficient_of_variation,accuracy_coefficient_of_variation,1,1
attack_discovery_rate,attack_discovery_rate,1,1
incidental_code_reduction,incidental_code_reduction,1,1
fuzzing_sequences,fuzzing_sequences,1,1
security_layers,security_layers,1,1
verification_precision,verification_precision,1,1
inference_latency_ms,inference_latency_ms,1,1
gpu_memory_mb,gpu_memory_mb,1,1
fit_quality_r2,fit_quality_r2,1,1
model_selection_aic,model_selection_aic,1,1
speedup_vs_baseline,speedup_vs_baseline,1,1
parameter_separation,parameter_separation,1,1
security-test-coverage,security_test_coverage,1,1
observability,observability,1,1
modularity,modularity,1,1
graceful-degradation,graceful_degradation,1,1
threat-modeling-coverage,threat_modeling_coverage,1,1
uncertainty_rate,uncertainty_rate,1,1
iteration_frequency,iteration_frequency,1,1
query_execution_success,query_execution_success,1,1
multiplicity_bound,multiplicity_bound,1,1
proof_count,proof_count,1,1
hardware_coverage,hardware_coverage,1,1
verification_tool,verification_tool,1,1
conditional-misalignment-rate,conditional_misalignment_rate,1,1
truthfulqa-accuracy,truthfulqa_accuracy,1,1
hhh-training-scale,hhh_training_scale,1,1
inoculation-trigger-strength,inoculation_trigger_strength,1,1
reasoning-distillation-reduction,reasoning_distillation_reduction,1,1
trigger-unpredictability,trigger_unpredictability,1,1
capital-efficiency-ratio,capital_efficiency_ratio,1,1
settlement-latency,settlement_latency,1,1
credit-limit-adaptation-rate,credit_limit_adaptation_rate,1,1
protocol-incentive-alignment,protocol_incentive_alignment,1,1
on-chain-storage-overhead,on_chain_storage_overhead,1,1
discount-factor-threshold,discount_factor_threshold,1,1
voting_power_concentration,voting_power_concentration,1,1
voter_registration_rate,voter_registration_rate,1,1
tokens_in_cex,tokens_in_cex,1,1
staking_rate,staking_rate,1,1
intermediary_voting_control,intermediary_voting_control,1,1
floating_supply,floating_supply,1,1
governance_mechanism_types,governance_mechanism_types,1,1
adjusted_rand_index,adjusted_rand_index,1,1
cross_val_accuracy,cross_val_accuracy,1,1
cross_val_ari,cross_val_ari,1,1
cramers_v_max,cramers_v_max,1,1
ratio_r_squared,ratio_r_squared,1,1
boundary_jump_pvalue,boundary_jump_pvalue,1,1
forward_spatial_split,forward_spatial_split,1,1
single_markov_false_positive,single_markov_false_positive,1,1
recall_critical,recall_critical,1,1
explanation_sufficiency_pass_rate,explanation_sufficiency_pass_rate,1,1
explanation_necessity_flip_rate,explanation_necessity_flip_rate,1,1
counterfactual_flip_rate,counterfactual_flip_rate,1,1
inference_latency_median,inference_latency_median,1,1
cost_per_1k_inferences,cost_per_1k_inferences,1,1
zero_shot_coverage,zero_shot_coverage,1,1
zero_shot_coverage_cross_domain,zero_shot_coverage_cross_domain,1,1
novel_attack_discovery,novel_attack_discovery,1,1
accuracy_degradation,accuracy_degradation,1,1
model_parameters,model_parameters,1,1
category_accuracy_outerwear,category_accuracy_outerwear,1,1
threat_classification_accuracy,threat_classification_accuracy,1,1
threat_f1_score,threat_f1_score,1,1
threat_precision,threat_precision,1,1
threat_recall,threat_recall,1,1
severity_accuracy,severity_accuracy,1,1
trainable_parameters,trainable_parameters,1,1
inference_latency_gpu,inference_latency_gpu,1,1
inference_latency_cpu,inference_latency_cpu,1,1
throughput_gpu,throughput_gpu,1,1
adapter_size,adapter_size,1,1
gpu_memory_usage,gpu_memory_usage,1,1
feature_dimensionality,feature_dimensionality,1,1
stability,stability,1,1
aggregate_score,aggregate_score,1,1
actionability_score,actionability_score,1,1
response_structure_score,response_structure_score,1,1
uncertainty_handling_score,uncertainty_handling_score,1,1
refusal_safety_score,refusal_safety_score,1,1
human_preference_alignment,human_preference_alignment,1,1
ablation_ast_contribution,ablation_ast_contribution,1,1
ablation_cstyle_contribution,ablation_cstyle_contribution,1,1
model_parameter_count,model_parameter_count,1,1
pretraining_corpus_size,pretraining_corpus_size,1,1
protocol_security,protocol_security,1,1
device_density_limit,device_density_limit,1,1
apps_analyzed,apps_analyzed,1,1
iranian_exclusive_apps_ratio,iranian_exclusive_apps_ratio,1,1
cracked_apps_count,cracked_apps_count,1,1
unauthorized_paid_apps,unauthorized_paid_apps,1,1
revenue_loss_estimate,revenue_loss_estimate,1,1
binary_modification_rate,binary_modification_rate,1,1
apps_with_provisioning_profiles,apps_with_provisioning_profiles,1,1
apps_with_piracy_libraries,apps_with_piracy_libraries,1,1
total_downloads,total_downloads,1,1
store_overlap,store_overlap,1,1
outdated_apps_rate,outdated_apps_rate,1,1
plaintext_http_rate,plaintext_http_rate,1,1
task_success_rate,task_success_rate,1,1
mrr_at_1,mrr_at_1,1,1
substitution_willingness,substitution_willingness,1,1
cost_per_conversation,cost_per_conversation,1,1
conversation_time_seconds,conversation_time_seconds,1,1
profile_inference_mae_reduction,profile_inference_mae_reduction,1,1
imperceptibility-ssim,imperceptibility_ssim,1,1
imperceptibility-psnr,imperceptibility_psnr,1,1
payload-recovery-fidelity,payload_recovery_fidelity,1,1
quantum-stability-tvd,quantum_stability_tvd,1,1
quantum-execution-time,quantum_execution_time,1,1
hardware-entropy-divergence,hardware_entropy_divergence,1,1
access-factor-count,access_factor_count,1,1
detection_rate_blind_spots,detection_rate_blind_spots,1,1
structural_blind_spot_rate,structural_blind_spot_rate,1,1
correlation_igs_ois,correlation_igs_ois,1,1
runtime_efficiency,runtime_efficiency,1,1
OIS_sensitivity,ois_sensitivity,1,1
accuracy_image_classification,accuracy_image_classification,1,1
accuracy_image_text_retrieval,accuracy_image_text_retrieval,1,1
sensitivity,sensitivity,1,1
signal_to_noise_ratio,signal_to_noise_ratio,1,1
batch_scalability,batch_scalability,1,1
automated_property_generation_gap,automated_property_generation_gap,1,1
cross_implementation_comparability,cross_implementation_comparability,1,1
false_positive_root_cause_interpretability,false_positive_root_cause_interpretability,1,1
model_capability_property_adherence,model_capability_property_adherence,1,1
audit_cost,audit_cost,1,1
token_recovery_accuracy,token_recovery_accuracy,1,1
token_recovery_queries,token_recovery_queries,1,1
classification_exact_recovery,classification_exact_recovery,1,1
class_inference_accuracy,class_inference_accuracy,1,1
framework_vulnerable_configs,framework_vulnerable_configs,1,1
spearman_correlation,spearman_correlation,1,1
rating_inflation_defense,rating_inflation_defense,1,1
alignment_faking_detection_rate,alignment_faking_detection_rate,1,1
model_count,model_count,1,1
run_count,run_count,1,1
domain_count,domain_count,1,1
access_pattern_resilience,access_pattern_resilience,1,1
ranking_stability,ranking_stability,1,1
multiplexer_leakage_magnitude,multiplexer_leakage_magnitude,1,1
proof_size_interactive,proof_size_interactive,1,1
proof_size_noninteractive,proof_size_noninteractive,1,1
proof_size_cumulative_optimization,proof_size_cumulative_optimization,1,1
proof_size_distilled_optimization,proof_size_distilled_optimization,1,1
smart_contract_gas_cost,smart_contract_gas_cost,1,1
smart_contract_gas_cost_distilled,smart_contract_gas_cost_distilled,1,1
database_upgrade_time,database_upgrade_time,1,1
synchronization_time_overhead,synchronization_time_overhead,1,1
proof_sampling_count,proof_sampling_count,1,1
forward-secrecy-achieved,forward_secrecy_achieved,1,1
post-compromise-security-achieved,post_compromise_security_achieved,1,1
extension_depth,extension_depth,1,1
compression_ratio,compression_ratio,1,1
decryption_speedup_vs_pfe,decryption_speedup_vs_pfe,1,1
precompute_pairings,precompute_pairings,1,1
open_pairings_per_item,open_pairings_per_item,1,1
server_communication,server_communication,1,1
proof_generation_memory,proof_generation_memory,1,1
proof_verification_time,proof_verification_time,1,1
data_complexity_chosen_plaintexts,data_complexity_chosen_plaintexts,1,1
time_complexity_encryptions,time_complexity_encryptions,1,1
pre_whitening_impact,pre_whitening_impact,1,1
multiset_size,multiset_size,1,1
data_complexity,data_complexity,1,1
time_complexity,time_complexity,1,1
success_probability,success_probability,1,1
detection_probability,detection_probability,1,1
max_spoofing_distance,max_spoofing_distance,1,1
deposit_reward_ratio,deposit_reward_ratio,1,1
collusion_resistance_threshold,collusion_resistance_threshold,1,1
measurement_noise_resilience,measurement_noise_resilience,1,1
memory_savings,memory_savings,1,1
fault_detection_probability,fault_detection_probability,1,1
fault_miss_probability,fault_miss_probability,1,1
performance_improvement_hash_calls,performance_improvement_hash_calls,1,1
memory_threshold,memory_threshold,1,1
hash_call_count,hash_call_count,1,1
decryption_complexity,decryption_complexity,1,1
decryption_latency_ms,decryption_latency_ms,1,1
encryption_latency_ms,encryption_latency_ms,1,1
setup_interactivity,setup_interactivity,1,1
garbling_size_bits,garbling_size_bits,1,1
gram_communication,gram_communication,1,1
communication_improvement_factor,communication_improvement_factor,1,1
boolean_baseline_improvement,boolean_baseline_improvement,1,1
computation_hash_calls,computation_hash_calls,1,1
space_complexity,space_complexity,1,1
stack_cost_fraction,stack_cost_fraction,1,1
prover_speedup,prover_speedup,1,1
binding_latency_reduction,binding_latency_reduction,1,1
recursion_binding_savings,recursion_binding_savings,1,1
multiplication_speedup,multiplication_speedup,1,1
combined_binding_speedup,combined_binding_speedup,1,1
field_subtractions_eliminated,field_subtractions_eliminated,1,1
eq_table_construction_speedup,eq_table_construction_speedup,1,1
eadp_decap,eadp_decap,1,1
eadp_encap,eadp_encap,1,1
eadp_keygen,eadp_keygen,1,1
max_frequency,max_frequency,1,1
bram_usage,bram_usage,1,1
decoder_resource_consistency,decoder_resource_consistency,1,1
dsp_requirement,dsp_requirement,1,1
eSlice_reduction,eslice_reduction,1,1
frequency_improvement,frequency_improvement,1,1
eADP_reduction,eadp_reduction,1,1
max_frequency_mhz,max_frequency_mhz,1,1
latency_cycles,latency_cycles,1,1
resource_utilization,resource_utilization,1,1
approximation_error,approximation_error,1,1
function_coverage,function_coverage,1,1
password_generation_time_ms,password_generation_time_ms,1,1
password_size_bytes,password_size_bytes,1,1
member_storage_bytes,member_storage_bytes,1,1
member_computation_complexity,member_computation_complexity,1,1
join_revocation_cost,join_revocation_cost,1,1
password_communication_bits,password_communication_bits,1,1
forgery_success_rate,forgery_success_rate,1,1
forgery_time_ms,forgery_time_ms,1,1
signing_queries_required,signing_queries_required,1,1
ciphertext_size_scaling,ciphertext_size_scaling,1,1
public_param_size,public_param_size,1,1
update_frequency,update_frequency,1,1
adaptivity,adaptivity,1,1
masking_order,masking_order,1,1
tvla_result,tvla_result,1,1
variant_coverage,variant_coverage,1,1
online_signing_latency,online_signing_latency,1,1
memory_overhead,memory_overhead,1,1
implementation_variants,implementation_variants,1,1
precomputation_cost,precomputation_cost,1,1
per_session_cost,per_session_cost,1,1
dimension_d,dimension_d,1,1
precomputation_time_ms,precomputation_time_ms,1,1
construction_type,construction_type,1,1
security_reduction_tightness,security_reduction_tightness,1,1
compression_function_calls,compression_function_calls,1,1
vector_dimension_handling,vector_dimension_handling,1,1
ring_binding_security,ring_binding_security,1,1
anonymity,anonymity,1,1
t_uniqueness,t_uniqueness,1,1
pseudorandomness,pseudorandomness,1,1
randomness_bits,randomness_bits,1,1
xor_gates,xor_gates,1,1
random_bits_linear_ops,random_bits_linear_ops,1,1
tvla_max_tvalue,tvla_max_tvalue,1,1
cycle_count,cycle_count,1,1
probe_security,probe_security,1,1
carry_bit_probability,carry_bit_probability,1,1
linear_bias,linear_bias,1,1
best_linear_approximation_probability,best_linear_approximation_probability,1,1
carry_parity_zero_probability,carry_parity_zero_probability,1,1
differential_output_probability,differential_output_probability,1,1
leak_detection_rate,leak_detection_rate,1,1
false_positive_classification,false_positive_classification,1,1
analysis_time,analysis_time,1,1
soundness,soundness,1,1
trace_complexity,trace_complexity,1,1
profiling_data_size,profiling_data_size,1,1
security_bits,security_bits,1,1
key_recovery_complexity,key_recovery_complexity,1,1
encapsulation_latency_ms,encapsulation_latency_ms,1,1
infrastructure_overhead_percent,infrastructure_overhead_percent,1,1
server_to_client_bandwidth_bytes,server_to_client_bandwidth_bytes,1,1
combined_public_key_size,combined_public_key_size,1,1
combined_signature_size,combined_signature_size,1,1
sqisign_verification_cycles_level1,sqisign_verification_cycles_level1,1,1
sqisign_verification_cycles_level3,sqisign_verification_cycles_level3,1,1
sqisign_signing_cycles_level1,sqisign_signing_cycles_level1,1,1
bandwidth_overhead_reduction,bandwidth_overhead_reduction,1,1
limb_radix,limb_radix,1,1
signed_factor_range,signed_factor_range,1,1
combiner_overhead_percent,combiner_overhead_percent,1,1
security_proof_strength,security_proof_strength,1,1
keygen_latency_cycles,keygen_latency_cycles,1,1
throughput_comparison,throughput_comparison,1,1
ciphertext_size_bytes,ciphertext_size_bytes,1,1
side_channel_resistance,side_channel_resistance,1,2
list_size,list_size,1,1
proximity_gap_soundness_error,proximity_gap_soundness_error,1,1
minimum_distance_relative,minimum_distance_relative,1,1
proximity_parameter_eta,proximity_parameter_eta,1,1
punctured_key_size,punctured_key_size,1,1
batch_puncturing_support,batch_puncturing_support,1,1
circuit_expression_class,circuit_expression_class,1,1
key_independence,key_independence,1,1
registration_time_ms,registration_time_ms,1,1
authentication_time_ms,authentication_time_ms,1,1
password_update_time_ms,password_update_time_ms,1,1
secret_update_time_ms,secret_update_time_ms,1,1
setup_time_ms,setup_time_ms,1,1
offline_dictionary_attack_resistance,offline_dictionary_attack_resistance,1,1
password_update_cost_scaling,password_update_cost_scaling,1,1
threshold_flexibility,threshold_flexibility,1,1
complexity,complexity,1,1
key_recovery_rate,key_recovery_rate,1,1
degree_bound,degree_bound,1,1
runtime_offline_phase,runtime_offline_phase,1,1
mixcolumns_hamming_weight,mixcolumns_hamming_weight,1,1
communication_per_signer,communication_per_signer,1,1
computation_time_multi,computation_time_multi,1,1
computation_time_single,computation_time_single,1,1
number_of_rounds,number_of_rounds,1,1
broadcast_elements_per_signer,broadcast_elements_per_signer,1,1
exponentiations_per_signer,exponentiations_per_signer,1,1
proof_circuit_size_per_gate,proof_circuit_size_per_gate,1,1
addition_gates_per_gate,addition_gates_per_gate,1,1
multiplication_gates_per_gate,multiplication_gates_per_gate,1,1
lookup_gates_per_gate,lookup_gates_per_gate,1,1
fanout_limit,fanout_limit,1,1
encryption_time_ms,encryption_time_ms,1,1
communication_cost_bytes,communication_cost_bytes,1,1
compatibility,compatibility,1,1
fidelity-simulation,fidelity_simulation,1,1
fidelity-hardware,fidelity_hardware,1,1
fidelity-with-mitigation,fidelity_with_mitigation,1,1
auxiliary-states,auxiliary_states,1,1
symbolic-key-complexity,symbolic_key_complexity,1,1
decryption-time,decryption_time,1,1
auxiliary-preparation-time,auxiliary_preparation_time,1,1
crs_size,crs_size,1,1
assumption_hardness,assumption_hardness,1,1
signature_size,signature_size,1,2
communication_complexity_per_signer,communication_complexity_per_signer,1,1
rounds,rounds,1,1
corruption_tolerance,corruption_tolerance,1,1
client_latency,client_latency,1,1
server_latency,server_latency,1,1
wasm_performance,wasm_performance,1,1
mobile_performance,mobile_performance,1,1
decoding_failure_rate,decoding_failure_rate,1,1
security_margin,security_margin,1,1
model_accuracy,model_accuracy,1,1
computation_time,computation_time,1,1
transaction_confirmation_latency,transaction_confirmation_latency,1,1
speculation_accuracy,speculation_accuracy,1,1
solving_degree,solving_degree,1,1
first_fall_degree,first_fall_degree,1,1
gronbner_f4_time,gronbner_f4_time,1,1
equation_count,equation_count,1,1
field_equation_impact,field_equation_impact,1,1
partition_length,partition_length,1,1
security_ranking,security_ranking,1,1
simulation_fidelity,simulation_fidelity,1,1
raw_fidelity,raw_fidelity,1,1
qem_fidelity,qem_fidelity,1,1
total_error_rate,total_error_rate,1,1
gate_error_contribution,gate_error_contribution,1,1
practical_qubit_threshold,practical_qubit_threshold,1,1
practical_t_gate_threshold,practical_t_gate_threshold,1,1
runtime,runtime,1,1
cnot_overhead,cnot_overhead,1,1
online_evaluation_overhead,online_evaluation_overhead,1,1
partial_evaluation_overhead,partial_evaluation_overhead,1,1
key_storage_per_party,key_storage_per_party,1,1
online_throughput,online_throughput,1,1
client_backup_latency_ms,client_backup_latency_ms,1,1
client_recovery_latency_ms,client_recovery_latency_ms,1,1
recovery_throughput_qps,recovery_throughput_qps,1,1
backup_size_bytes,backup_size_bytes,1,1
recovery_query_size_bytes,recovery_query_size_bytes,1,1
forward_secrecy,forward_secrecy,1,1
post_compromise_security,post_compromise_security,1,1
server_load_reduction,server_load_reduction,1,1
offline-computation-time,offline_computation_time,1,1
communication-cost,communication_cost,1,1
offline-communication,offline_communication,1,1
scalability-with-entities,scalability_with_entities,1,1
server-leakage,server_leakage,1,1
decryption_failure_rate,decryption_failure_rate,1,1
trimming_overhead_percent,trimming_overhead_percent,1,1
inner_distortion_bound,inner_distortion_bound,1,1
tail_distribution_heavy,tail_distribution_heavy,1,1
attack_efficiency_improvement,attack_efficiency_improvement,1,1
minrank_step_complexity,minrank_step_complexity,1,1
step1_complexity,step1_complexity,1,1
step3_complexity,step3_complexity,1,1
matrices_required,matrices_required,1,1
key_recovery_time,key_recovery_time,1,1
timestamp_agreement_rate,timestamp_agreement_rate,1,1
validator_consistency_rate,validator_consistency_rate,1,1
revoked_certificate_acceptance_rate,revoked_certificate_acceptance_rate,1,1
file_integrity_protection,file_integrity_protection,1,1
conformance_review_depth,conformance_review_depth,1,1
prover_time,prover_time,1,1
verifier_time,verifier_time,1,1
prover_cost_group_exp,prover_cost_group_exp,1,1
verifier_cost_group_exp,verifier_cost_group_exp,1,1
proof_structure,proof_structure,1,1
setup_assumption,setup_assumption,1,1
tvla_t_value,tvla_t_value,1,1
sample_rate,sample_rate,1,1
verification_method,verification_method,1,1
arithmetic_intensity,arithmetic_intensity,1,1
data_movement_cost,data_movement_cost,1,1
transformation_efficiency,transformation_efficiency,1,1
workload_applicability,workload_applicability,1,1
offline_bit_complexity,offline_bit_complexity,1,1
verification_exhaustiveness,verification_exhaustiveness,1,1
area,area,1,1
area_with_prng,area_with_prng,1,1
power,power,1,1
clock_frequency,clock_frequency,1,1
leakage_detection,leakage_detection,1,1
modulo_reduction_fix_overhead,modulo_reduction_fix_overhead,1,1
speedup_vs_tfhe_rs,speedup_vs_tfhe_rs,1,1
speedup_vs_sota,speedup_vs_sota,1,1
speedup_cxc_vs_tfhe_rs,speedup_cxc_vs_tfhe_rs,1,1
speedup_dotproduct,speedup_dotproduct,1,1
evaluation_key_size_mb,evaluation_key_size_mb,1,1
failure_probability,failure_probability,1,1
parallel_speedup,parallel_speedup,1,1
s2c_speedup,s2c_speedup,1,1
full_bootstrap_speed,full_bootstrap_speed,1,1
key_switching_reduction,key_switching_reduction,1,1
ring_dimension,ring_dimension,1,1
soundness_error_probability,soundness_error_probability,1,1
on_chain_footprint_bytes,on_chain_footprint_bytes,1,1
transaction_total_size,transaction_total_size,1,1
total_communication_pfhg,total_communication_pfhg,1,1
total_communication_compact,total_communication_compact,1,1
garbling_time_pfhg,garbling_time_pfhg,1,1
evaluation_time_pfhg,evaluation_time_pfhg,1,1
garbling_time_compact,garbling_time_compact,1,1
evaluation_time_compact,evaluation_time_compact,1,1
phase1_wires,phase1_wires,1,1
phase2_wires,phase2_wires,1,1
phase3_wires,phase3_wires,1,1
dealing_time_ms,dealing_time_ms,1,1
communication_size_mb,communication_size_mb,1,1
vote_client_time_ms,vote_client_time_ms,1,1
vote_aggregation_time_ms,vote_aggregation_time_ms,1,1
security_property,security_property,1,1
online_latency_ms,online_latency_ms,1,1
online_bandwidth_kb,online_bandwidth_kb,1,1
online_rounds,online_rounds,1,1
p_termination_probability,p_termination_probability,1,1
unforgeability_advantage,unforgeability_advantage,1,1
n_parties,n_parties,1,1
garbled_size,garbled_size,1,1
computation_complexity,computation_complexity,1,1
online_key_size,online_key_size,1,1
offline_key_size,offline_key_size,1,1
programmed_key_size,programmed_key_size,1,1
re_randomization_resistance,re_randomization_resistance,1,1
efficiency_comparison,efficiency_comparison,1,1
security_notions,security_notions,1,1
signature-size,signature_size,1,2
public-key-size,public_key_size,1,6
classical-security,classical_security,1,1
quantum-security,quantum_security,1,1
sampling-quality,sampling_quality,1,1
signcryption_time_ms,signcryption_time_ms,1,1
unsigncryption_time_ms,unsigncryption_time_ms,1,1
verification_discriminativeness,verification_discriminativeness,1,1
executability_verification_rate,executability_verification_rate,1,1
secrecy_falsification_rate,secrecy_falsification_rate,1,1
authentication_falsification_rate,authentication_falsification_rate,1,1
runtime_symbolic_divergence,runtime_symbolic_divergence,1,1
coefficient_recovery_threshold,coefficient_recovery_threshold,1,1
arithmetic_correlation_bound,arithmetic_correlation_bound,1,1
arithmetic_correlation_values,arithmetic_correlation_values,1,1
parity_difference_range,parity_difference_range,1,1
max_parity_difference,max_parity_difference,1,1
class_number_example,class_number_example,1,1
nonzero_shift_parity,nonzero_shift_parity,1,1
online_runtime_ms,online_runtime_ms,1,1
protocol_rounds,protocol_rounds,1,1
exactness,exactness,1,1
